url,title,word_count,inlinks,recommended_action,reason,batch
https://bitcoininfonews.com/crypto-exchange-fees-calculator/,Crypto Exchange Fees Calculator - BtcInfoNews,10,35632,review_keep_vs_noindex,utility or taxonomy hub is indexable and deserves manual quality/value review,batch_5_template_and_hub_review
https://bitcoininfonews.com/coin-heatmap/,Coin Heatmap - BtcInfoNews,8,35632,review_keep_vs_noindex,utility or taxonomy hub is indexable and deserves manual quality/value review,batch_5_template_and_hub_review
https://bitcoininfonews.com/bitcoin-mining-calculator/,Bitcoin Mining calculator - BtcInfoNews,11,35632,review_keep_vs_noindex,utility or taxonomy hub is indexable and deserves manual quality/value review,batch_5_template_and_hub_review
https://bitcoininfonews.com/profit-calculator/,Profit Calculator - BtcInfoNews,8,35632,review_keep_vs_noindex,utility or taxonomy hub is indexable and deserves manual quality/value review,batch_5_template_and_hub_review
https://bitcoininfonews.com/tax-calculator/,Tax Calculator - BtcInfoNews,8,35632,review_keep_vs_noindex,utility or taxonomy hub is indexable and deserves manual quality/value review,batch_5_template_and_hub_review
https://bitcoininfonews.com/live-crypto-price/,Live Crypto Price - BtcInfoNews,13,35632,review_keep_vs_noindex,utility or taxonomy hub is indexable and deserves manual quality/value review,batch_5_template_and_hub_review
https://bitcoininfonews.com/crypto-history-calculator/,Crypto History Calculator - BtcInfoNews,9,35632,review_keep_vs_noindex,utility or taxonomy hub is indexable and deserves manual quality/value review,batch_5_template_and_hub_review
https://bitcoininfonews.com/press-release/,Press Release - BtcInfoNews,814,53437,review_keep_vs_noindex,utility or taxonomy hub is indexable and deserves manual quality/value review,batch_5_template_and_hub_review
https://bitcoininfonews.com/sponsored-articles/,Sponsored Articles - BtcInfoNews,936,54345,review_keep_vs_noindex,utility or taxonomy hub is indexable and deserves manual quality/value review,batch_5_template_and_hub_review
https://bitcoininfonews.com/cmc/,cmc - BtcInfoNews,935,55729,review_keep_vs_noindex,utility or taxonomy hub is indexable and deserves manual quality/value review,batch_5_template_and_hub_review
https://bitcoininfonews.com/other/,Other - BtcInfoNews,451,53405,review_keep_vs_noindex,utility or taxonomy hub is indexable and deserves manual quality/value review,batch_5_template_and_hub_review
https://bitcoininfonews.com/others/,Others - BtcInfoNews,487,53406,review_keep_vs_noindex,utility or taxonomy hub is indexable and deserves manual quality/value review,batch_5_template_and_hub_review
https://bitcoininfonews.com/millionaire/,Millionaire - BtcInfoNews,462,53405,review_keep_vs_noindex,utility or taxonomy hub is indexable and deserves manual quality/value review,batch_5_template_and_hub_review
https://bitcoininfonews.com/mining/,Mining - BtcInfoNews,453,53405,review_keep_vs_noindex,utility or taxonomy hub is indexable and deserves manual quality/value review,batch_5_template_and_hub_review
https://bitcoininfonews.com/top-project/,Top Project - BtcInfoNews,542,53406,review_keep_vs_noindex,utility or taxonomy hub is indexable and deserves manual quality/value review,batch_5_template_and_hub_review
https://bitcoininfonews.com/news/,News - BtcInfoNews,840,53580,review_keep_vs_noindex,utility or taxonomy hub is indexable and deserves manual quality/value review,batch_5_template_and_hub_review
https://bitcoininfonews.com/blockchain-events/,Blockchain Event - BtcInfoNews,946,53414,review_keep_vs_noindex,utility or taxonomy hub is indexable and deserves manual quality/value review,batch_5_template_and_hub_review
https://bitcoininfonews.com/uncategorized/,Uncategorized - BtcInfoNews,827,53425,review_keep_vs_noindex,utility or taxonomy hub is indexable and deserves manual quality/value review,batch_5_template_and_hub_review
