source,destination
/arizona-bitcoin-reserve-bill-veto-2/,https://bitcoininfonews.com/arizona-bitcoin-reserve-bill-veto/
/arthur-hayes-bitcoin-110k-prediction-2/,https://bitcoininfonews.com/arthur-hayes-bitcoin-110k-prediction/
/arthur-hayes-bitcoin-million-2028-2/,https://bitcoininfonews.com/arthur-hayes-bitcoin-million-2028/
/atticus-2-billion-valuation-funding-2/,https://bitcoininfonews.com/atticus-2-billion-valuation-funding/
/binance-kyrgyzstan-crypto-partnership-2/,https://bitcoininfonews.com/binance-kyrgyzstan-crypto-partnership/
/binance-usd1-stablecoin-integration-2/,https://bitcoininfonews.com/binance-usd1-stablecoin-integration/
/bitcoin-100k-short-liquidations-2/,https://bitcoininfonews.com/bitcoin-100k-short-liquidations/
/bitcoin-110k-institutional-buying-2/,https://bitcoininfonews.com/bitcoin-110k-institutional-buying/
/bitcoin-all-time-high-institutional-inflows-2/,https://bitcoininfonews.com/bitcoin-all-time-high-institutional-inflows/
/bitcoin-etf-record-inflows-market-2/,https://bitcoininfonews.com/bitcoin-etf-record-inflows-market/
/bitcoin-nears-all-time-high-2/,https://bitcoininfonews.com/bitcoin-nears-all-time-high/
/bitcoin-nears-all-time-high-3/,https://bitcoininfonews.com/bitcoin-nears-all-time-high/
/bitcoin-outperforming-gold-pompliano-geopolitics-2/,https://bitcoininfonews.com/bitcoin-outperforming-gold-pompliano-geopolitics/
/bitcoin-spot-etf-inflows-167-million-2/,https://bitcoininfonews.com/bitcoin-spot-etf-inflows-167-million/
/bitcoin-volatility-us-tariffs-2/,https://bitcoininfonews.com/bitcoin-volatility-us-tariffs/
/bitget-legal-action-voxel-manipulation-2/,https://bitcoininfonews.com/bitget-legal-action-voxel-manipulation/
/bitwise-chainlink-spot-etf-filing-2/,https://bitcoininfonews.com/bitwise-chainlink-spot-etf-filing/
/bitwise-near-etf-delaware-registration-2/,https://bitcoininfonews.com/bitwise-near-etf-delaware-registration/
/bitwise-near-etf-delaware-registration-3/,https://bitcoininfonews.com/bitwise-near-etf-delaware-registration/
/blockdag-2025-mining-referrals-and-rewards-driving-roi-2/,https://bitcoininfonews.com/blockdag-2025-mining-referrals-and-rewards-driving-roi/
/blockdag-bwt-alpine-f1-deal-drives-420m-presale-momentum-2/,https://bitcoininfonews.com/blockdag-bwt-alpine-f1-deal-drives-420m-presale-momentum/
/blockdag-explained-hybrid-blockchain-with-dag-speed-smart-contract-support-2/,https://bitcoininfonews.com/blockdag-explained-hybrid-blockchain-with-dag-speed-smart-contract-support/
/blockdag-nears-410m-presale-as-eth-and-xrp-lose-strength-2/,https://bitcoininfonews.com/blockdag-nears-410m-presale-as-eth-and-xrp-lose-strength/
/blockdags-3m-miners-outshine-ethereum-and-arbitrum-resistance-2/,https://bitcoininfonews.com/blockdags-3m-miners-outshine-ethereum-and-arbitrum-resistance/
/blockdags-presale-hits-336m-and-little-pepes-stage-3-presale-gains-2/,https://bitcoininfonews.com/blockdags-presale-hits-336m-and-little-pepes-stage-3-presale-gains/
/blockdags-x-series-and-sports-partnerships-outperform-xrp-and-okb-as-the-best-crypto-platform-with-383m-raised-2/,https://bitcoininfonews.com/blockdags-x-series-and-sports-partnerships-outperform-xrp-and-okb-as-the-best-crypto-platform-with-383m-raised/
/brown-university-bitcoin-etf-investment-2/,https://bitcoininfonews.com/brown-university-bitcoin-etf-investment/
/brown-university-bitcoin-etf-investment-3/,https://bitcoininfonews.com/brown-university-bitcoin-etf-investment/
/buyers-rush-to-secure-blockdag-at-0-0000061-while-hyperliquid-battles-35-floor-and-monero-eyes-upside-2/,https://bitcoininfonews.com/buyers-rush-to-secure-blockdag-at-0-0000061-while-hyperliquid-battles-35-floor-and-monero-eyes-upside/
/canada-unregistered-crypto-exchanges-2/,https://bitcoininfonews.com/canada-unregistered-crypto-exchanges/
/canary-capital-xrp-etf-launch-2/,https://bitcoininfonews.com/canary-capital-xrp-etf-launch/
/cardano-chainlink-blockdag-best-long-term-crypto-picks-2025-2/,https://bitcoininfonews.com/cardano-chainlink-blockdag-best-long-term-crypto-picks-2025/
/celsius-founder-sentenced-fraud-2/,https://bitcoininfonews.com/celsius-founder-sentenced-fraud/
/cftc-leveraged-crypto-trading-2025-2/,https://bitcoininfonews.com/cftc-leveraged-crypto-trading-2025/
/chaincatcher-alibaba-cloud-web3-infrastructure-2/,https://bitcoininfonews.com/chaincatcher-alibaba-cloud-web3-infrastructure/
/chainlink-cardano-blockdag-which-is-the-best-crypto-for-2025-2/,https://bitcoininfonews.com/chainlink-cardano-blockdag-which-is-the-best-crypto-for-2025/
/changpeng-zhao-denies-wsj-claims-2/,https://bitcoininfonews.com/changpeng-zhao-denies-wsj-claims/
/circle-national-trust-bank-charter-usdc-2/,https://bitcoininfonews.com/circle-national-trust-bank-charter-usdc/
/cleanspark-record-revenue-bitcoin-mining-2/,https://bitcoininfonews.com/cleanspark-record-revenue-bitcoin-mining/
/coinbase-acquires-deribit-2-9-billion-2/,https://bitcoininfonews.com/coinbase-acquires-deribit-2-9-billion/
/coinbase-acquires-deribit-crypto-deal-2/,https://bitcoininfonews.com/coinbase-acquires-deribit-crypto-deal/
/court-blocks-trump-tariffs-2/,https://bitcoininfonews.com/court-blocks-trump-tariffs/
/crypto-firms-bank-charters-meme-coins-2/,https://bitcoininfonews.com/crypto-firms-bank-charters-meme-coins/
/crypto-firms-seek-bank-charters-2/,https://bitcoininfonews.com/crypto-firms-seek-bank-charters/
/crypto-perpetual-futures-us-trading-2/,https://bitcoininfonews.com/crypto-perpetual-futures-us-trading/
/crypto-top-gainers-2025-blockdag-polkadot-aptos-and-xrp-on-every-watchlist-2/,https://bitcoininfonews.com/crypto-top-gainers-2025-blockdag-polkadot-aptos-and-xrp-on-every-watchlist/
/crypto-vc-funding-q1-2025-2/,https://bitcoininfonews.com/crypto-vc-funding-q1-2025/
/cz-buys-mubarak-tst-tokens-2/,https://bitcoininfonews.com/cz-buys-mubarak-tst-tokens/
/defi-tvl-drops-below-95-billion-2/,https://bitcoininfonews.com/defi-tvl-drops-below-95-billion/
/elon-musk-america-party-bitcoin-2/,https://bitcoininfonews.com/elon-musk-america-party-bitcoin/
/elon-musk-america-party-bitcoin-3/,https://bitcoininfonews.com/elon-musk-america-party-bitcoin/
/elon-musk-launches-america-party-2/,https://bitcoininfonews.com/elon-musk-launches-america-party/
/elon-musk-sells-x-to-xai-2/,https://bitcoininfonews.com/elon-musk-sells-x-to-xai/
/eth-drops-to-1400-bdag-launches-devs-launchpad-xrp-etf-incoming-2/,https://bitcoininfonews.com/eth-drops-to-1400-bdag-launches-devs-launchpad-xrp-etf-incoming/
/ethena-dips-xrp-outlook-rises-blockdag-ignites-token2049-with-0-03-presale-2/,https://bitcoininfonews.com/ethena-dips-xrp-outlook-rises-blockdag-ignites-token2049-with-0-03-presale/
/ethereum-foundation-new-leadership-2025-2/,https://bitcoininfonews.com/ethereum-foundation-new-leadership-2025/
/ethereum-foundation-sells-10000-eth-2/,https://bitcoininfonews.com/ethereum-foundation-sells-10000-eth/
/ethereum-pectra-upgrade-may-2025-2/,https://bitcoininfonews.com/ethereum-pectra-upgrade-may-2025/
/eu-sanctions-a7a5-stablecoin-2/,https://bitcoininfonews.com/eu-sanctions-a7a5-stablecoin/
/federal-reserve-eases-crypto-rules-2/,https://bitcoininfonews.com/federal-reserve-eases-crypto-rules/
/fidelity-launches-solana-etf-2/,https://bitcoininfonews.com/fidelity-launches-solana-etf/
/florida-bitcoin-reserve-bills-withdrawn-2/,https://bitcoininfonews.com/florida-bitcoin-reserve-bills-withdrawn/
/france-crypto-kidnappings-security-measures-2/,https://bitcoininfonews.com/france-crypto-kidnappings-security-measures/
/ftx-creditor-payments-may-2/,https://bitcoininfonews.com/ftx-creditor-payments-may/
/ftx-creditor-repayment-5-billion-2/,https://bitcoininfonews.com/ftx-creditor-repayment-5-billion/
/gamestop-bitcoin-treasury-asset-2/,https://bitcoininfonews.com/gamestop-bitcoin-treasury-asset/
/genius-act-stablecoin-regulation-2/,https://bitcoininfonews.com/genius-act-stablecoin-regulation/
/genius-act-stablecoin-regulation-2025/,https://bitcoininfonews.com/genius-act-stablecoin-regulation/
/genius-act-us-stablecoin-regulations-2/,https://bitcoininfonews.com/genius-act-us-stablecoin-regulations/
/hong-kong-stablecoin-regulations-2025-2/,https://bitcoininfonews.com/hong-kong-stablecoin-regulations-2025/
/hong-kong-stablecoin-regulations-2025-3/,https://bitcoininfonews.com/hong-kong-stablecoin-regulations-2025/
/ibm-anthropic-ai-partnership-2/,https://bitcoininfonews.com/ibm-anthropic-ai-partnership/
/illinois-crypto-consumer-protection-laws-2/,https://bitcoininfonews.com/illinois-crypto-consumer-protection-laws/
/jpmorgan-bitcoin-ethereum-loan-collateral-2/,https://bitcoininfonews.com/jpmorgan-bitcoin-ethereum-loan-collateral/
/jpmorgan-clients-buy-bitcoin-105300/,https://bitcoininfonews.com/jpmorgan-clients-buy-bitcoin/
/jpmorgan-clients-buy-bitcoin-2/,https://bitcoininfonews.com/jpmorgan-clients-buy-bitcoin/
/libre-tokenizes-500m-telegram-bonds-2/,https://bitcoininfonews.com/libre-tokenizes-500m-telegram-bonds/
/meta-anduril-military-xr-headsets-2/,https://bitcoininfonews.com/meta-anduril-military-xr-headsets/
/meta-rejects-bitcoin-treasury-proposal-2/,https://bitcoininfonews.com/meta-rejects-bitcoin-treasury-proposal/
/meta-rejects-bitcoin-treasury-proposal-3/,https://bitcoininfonews.com/meta-rejects-bitcoin-treasury-proposal/
/meta-shareholders-reject-bitcoin-proposal-2/,https://bitcoininfonews.com/meta-shareholders-reject-bitcoin-proposal/
/meta-shareholders-reject-bitcoin-treasury-2/,https://bitcoininfonews.com/meta-shareholders-reject-bitcoin-treasury/
/metaplanet-expands-bitcoin-holdings-2/,https://bitcoininfonews.com/metaplanet-expands-bitcoin-holdings/
/michael-saylor-bitcoin-purchase-signals-2/,https://bitcoininfonews.com/michael-saylor-bitcoin-purchase-signals/
/michael-saylor-bitcoin-strategy-impact-2/,https://bitcoininfonews.com/michael-saylor-bitcoin-strategy-impact/
/microstrategy-index-exclusion-bitcoin-risk-2/,https://bitcoininfonews.com/microstrategy-index-exclusion-bitcoin-risk/
/morgan-stanley-crypto-etf-adoption-still-early-advisor-access-slow-2/,https://bitcoininfonews.com/morgan-stanley-crypto-etf-adoption-still-early-advisor-access-slow/
/native-markets-hyperliquid-usdh-stablecoin-2/,https://bitcoininfonews.com/native-markets-hyperliquid-usdh-stablecoin/
/new-crypto-zkp-commands-market-attention-with-massive-5m-giveaway-as-sol-xmr-consolidate-2/,https://bitcoininfonews.com/new-crypto-zkp-commands-market-attention-with-massive-5m-giveaway-as-sol-xmr-consolidate/
/nyc-comptroller-rejects-bitcoin-bond-2/,https://bitcoininfonews.com/nyc-comptroller-rejects-bitcoin-bond/
/optimism-op-token-unlock-april-2025-2/,https://bitcoininfonews.com/optimism-op-token-unlock-april-2025/
/paul-atkins-sec-chair-crypto-2/,https://bitcoininfonews.com/paul-atkins-sec-chair-crypto/
/pi-coin-forecast-hyperliquid-analysis-and-blockdags-386m-presale-momentum-2/,https://bitcoininfonews.com/pi-coin-forecast-hyperliquid-analysis-and-blockdags-386m-presale-momentum/
/republic-europe-indirect-kraken-stake-2/,https://bitcoininfonews.com/republic-europe-indirect-kraken-stake/
/republic-europe-indirect-kraken-stake-3/,https://bitcoininfonews.com/republic-europe-indirect-kraken-stake/
/republic-europe-indirect-kraken-stake-4/,https://bitcoininfonews.com/republic-europe-indirect-kraken-stake/
/republic-europe-indirect-kraken-stake-5/,https://bitcoininfonews.com/republic-europe-indirect-kraken-stake/
/republic-europe-kraken-equity-access-2/,https://bitcoininfonews.com/republic-europe-kraken-equity-access/
/republic-europe-kraken-equity-access-3/,https://bitcoininfonews.com/republic-europe-kraken-equity-access/
/republic-europe-kraken-equity-access-4/,https://bitcoininfonews.com/republic-europe-kraken-equity-access/
/republic-europe-kraken-equity-access-5/,https://bitcoininfonews.com/republic-europe-kraken-equity-access/
/republic-europe-kraken-equity-access-6/,https://bitcoininfonews.com/republic-europe-kraken-equity-access/
/republic-europe-kraken-equity-access-7/,https://bitcoininfonews.com/republic-europe-kraken-equity-access/
/republic-europe-kraken-equity-access-8/,https://bitcoininfonews.com/republic-europe-kraken-equity-access/
/republic-europe-kraken-equity-access-9/,https://bitcoininfonews.com/republic-europe-kraken-equity-access/
/republic-europe-kraken-equity-spv-10/,https://bitcoininfonews.com/republic-europe-kraken-equity-spv/
/republic-europe-kraken-equity-spv-11/,https://bitcoininfonews.com/republic-europe-kraken-equity-spv/
/republic-europe-kraken-equity-spv-12/,https://bitcoininfonews.com/republic-europe-kraken-equity-spv/
/republic-europe-kraken-equity-spv-2/,https://bitcoininfonews.com/republic-europe-kraken-equity-spv/
/republic-europe-kraken-equity-spv-3/,https://bitcoininfonews.com/republic-europe-kraken-equity-spv/
/republic-europe-kraken-equity-spv-4/,https://bitcoininfonews.com/republic-europe-kraken-equity-spv/
/republic-europe-kraken-equity-spv-5/,https://bitcoininfonews.com/republic-europe-kraken-equity-spv/
/republic-europe-kraken-equity-spv-6/,https://bitcoininfonews.com/republic-europe-kraken-equity-spv/
/republic-europe-kraken-equity-spv-7/,https://bitcoininfonews.com/republic-europe-kraken-equity-spv/
/republic-europe-kraken-equity-spv-8/,https://bitcoininfonews.com/republic-europe-kraken-equity-spv/
/republic-europe-kraken-equity-spv-9/,https://bitcoininfonews.com/republic-europe-kraken-equity-spv/
/republic-europe-kraken-indirect-stake-2/,https://bitcoininfonews.com/republic-europe-kraken-indirect-stake/
/republic-europe-kraken-indirect-stake-3/,https://bitcoininfonews.com/republic-europe-kraken-indirect-stake/
/republic-europe-kraken-investment-2/,https://bitcoininfonews.com/republic-europe-kraken-investment/
/republic-europe-kraken-investment-3/,https://bitcoininfonews.com/republic-europe-kraken-investment/
/republic-europe-kraken-investment-4/,https://bitcoininfonews.com/republic-europe-kraken-investment/
/republic-europe-kraken-investment-5/,https://bitcoininfonews.com/republic-europe-kraken-investment/
/republic-europe-kraken-ipo-access-2/,https://bitcoininfonews.com/republic-europe-kraken-ipo-access/
/republic-europe-kraken-ipo-access-3/,https://bitcoininfonews.com/republic-europe-kraken-ipo-access/
/republic-europe-kraken-ipo-access-4/,https://bitcoininfonews.com/republic-europe-kraken-ipo-access/
/republic-europe-kraken-ipo-access-5/,https://bitcoininfonews.com/republic-europe-kraken-ipo-access/
/republic-europe-kraken-ipo-access-6/,https://bitcoininfonews.com/republic-europe-kraken-ipo-access/
/republic-europe-kraken-ipo-access-7/,https://bitcoininfonews.com/republic-europe-kraken-ipo-access/
/republic-europe-kraken-ipo-access-8/,https://bitcoininfonews.com/republic-europe-kraken-ipo-access/
/republic-europe-kraken-ipo-access-9/,https://bitcoininfonews.com/republic-europe-kraken-ipo-access/
/republic-europe-kraken-ipo-investment-2/,https://bitcoininfonews.com/republic-europe-kraken-ipo-investment/
/republic-europe-kraken-ipo-investment-3/,https://bitcoininfonews.com/republic-europe-kraken-ipo-investment/
/republic-europe-kraken-ipo-investment-4/,https://bitcoininfonews.com/republic-europe-kraken-ipo-investment/
/republic-europe-kraken-ipo-investment-5/,https://bitcoininfonews.com/republic-europe-kraken-ipo-investment/
/republic-europe-kraken-ipo-investment-6/,https://bitcoininfonews.com/republic-europe-kraken-ipo-investment/
/republic-europe-kraken-ipo-investment-7/,https://bitcoininfonews.com/republic-europe-kraken-ipo-investment/
/republic-europe-kraken-ipo-spv-10/,https://bitcoininfonews.com/republic-europe-kraken-ipo-spv/
/republic-europe-kraken-ipo-spv-11/,https://bitcoininfonews.com/republic-europe-kraken-ipo-spv/
/republic-europe-kraken-ipo-spv-12/,https://bitcoininfonews.com/republic-europe-kraken-ipo-spv/
/republic-europe-kraken-ipo-spv-13/,https://bitcoininfonews.com/republic-europe-kraken-ipo-spv/
/republic-europe-kraken-ipo-spv-14/,https://bitcoininfonews.com/republic-europe-kraken-ipo-spv/
/republic-europe-kraken-ipo-spv-15/,https://bitcoininfonews.com/republic-europe-kraken-ipo-spv/
/republic-europe-kraken-ipo-spv-16/,https://bitcoininfonews.com/republic-europe-kraken-ipo-spv/
/republic-europe-kraken-ipo-spv-2/,https://bitcoininfonews.com/republic-europe-kraken-ipo-spv/
/republic-europe-kraken-ipo-spv-3/,https://bitcoininfonews.com/republic-europe-kraken-ipo-spv/
/republic-europe-kraken-ipo-spv-4/,https://bitcoininfonews.com/republic-europe-kraken-ipo-spv/
/republic-europe-kraken-ipo-spv-5/,https://bitcoininfonews.com/republic-europe-kraken-ipo-spv/
/republic-europe-kraken-ipo-spv-6/,https://bitcoininfonews.com/republic-europe-kraken-ipo-spv/
/republic-europe-kraken-ipo-spv-7/,https://bitcoininfonews.com/republic-europe-kraken-ipo-spv/
/republic-europe-kraken-ipo-spv-8/,https://bitcoininfonews.com/republic-europe-kraken-ipo-spv/
/republic-europe-kraken-ipo-spv-9/,https://bitcoininfonews.com/republic-europe-kraken-ipo-spv/
/republic-europe-kraken-ipo-stake-2/,https://bitcoininfonews.com/republic-europe-kraken-ipo-stake/
/republic-europe-kraken-ipo-stake-3/,https://bitcoininfonews.com/republic-europe-kraken-ipo-stake/
/republic-europe-kraken-ipo-stake-4/,https://bitcoininfonews.com/republic-europe-kraken-ipo-stake/
/republic-europe-kraken-ipo-stake-5/,https://bitcoininfonews.com/republic-europe-kraken-ipo-stake/
/republic-europe-kraken-ipo-stake-6/,https://bitcoininfonews.com/republic-europe-kraken-ipo-stake/
/republic-europe-kraken-ipo-stake-7/,https://bitcoininfonews.com/republic-europe-kraken-ipo-stake/
/republic-europe-kraken-pre-ipo-access-2/,https://bitcoininfonews.com/republic-europe-kraken-pre-ipo-access/
/republic-europe-kraken-pre-ipo-access-3/,https://bitcoininfonews.com/republic-europe-kraken-pre-ipo-access/
/republic-europe-kraken-pre-ipo-access-4/,https://bitcoininfonews.com/republic-europe-kraken-pre-ipo-access/
/republic-europe-kraken-pre-ipo-spv-2/,https://bitcoininfonews.com/republic-europe-kraken-pre-ipo-spv/
/republic-europe-kraken-pre-ipo-spv-3/,https://bitcoininfonews.com/republic-europe-kraken-pre-ipo-spv/
/republic-europe-kraken-pre-ipo-2/,https://bitcoininfonews.com/republic-europe-kraken-pre-ipo/
/republic-europe-kraken-pre-ipo-3/,https://bitcoininfonews.com/republic-europe-kraken-pre-ipo/
/republic-europe-kraken-spv-investment-2/,https://bitcoininfonews.com/republic-europe-kraken-spv-investment/
/republic-europe-kraken-spv-investment-3/,https://bitcoininfonews.com/republic-europe-kraken-spv-investment/
/republic-europe-kraken-spv-investment-4/,https://bitcoininfonews.com/republic-europe-kraken-spv-investment/
/republic-europe-kraken-spv-investors-2/,https://bitcoininfonews.com/republic-europe-kraken-spv-investors/
/republic-europe-kraken-spv-ipo-10/,https://bitcoininfonews.com/republic-europe-kraken-spv-ipo/
/republic-europe-kraken-spv-ipo-11/,https://bitcoininfonews.com/republic-europe-kraken-spv-ipo/
/republic-europe-kraken-spv-ipo-12/,https://bitcoininfonews.com/republic-europe-kraken-spv-ipo/
/republic-europe-kraken-spv-ipo-13/,https://bitcoininfonews.com/republic-europe-kraken-spv-ipo/
/republic-europe-kraken-spv-ipo-2/,https://bitcoininfonews.com/republic-europe-kraken-spv-ipo/
/republic-europe-kraken-spv-ipo-3/,https://bitcoininfonews.com/republic-europe-kraken-spv-ipo/
/republic-europe-kraken-spv-ipo-4/,https://bitcoininfonews.com/republic-europe-kraken-spv-ipo/
/republic-europe-kraken-spv-ipo-5/,https://bitcoininfonews.com/republic-europe-kraken-spv-ipo/
/republic-europe-kraken-spv-ipo-6/,https://bitcoininfonews.com/republic-europe-kraken-spv-ipo/
/republic-europe-kraken-spv-ipo-7/,https://bitcoininfonews.com/republic-europe-kraken-spv-ipo/
/republic-europe-kraken-spv-ipo-8/,https://bitcoininfonews.com/republic-europe-kraken-spv-ipo/
/republic-europe-kraken-spv-ipo-9/,https://bitcoininfonews.com/republic-europe-kraken-spv-ipo/
/republic-europe-kraken-spv-launch-10/,https://bitcoininfonews.com/republic-europe-kraken-spv-launch/
/republic-europe-kraken-spv-launch-11/,https://bitcoininfonews.com/republic-europe-kraken-spv-launch/
/republic-europe-kraken-spv-launch-12/,https://bitcoininfonews.com/republic-europe-kraken-spv-launch/
/republic-europe-kraken-spv-launch-13/,https://bitcoininfonews.com/republic-europe-kraken-spv-launch/
/republic-europe-kraken-spv-launch-14/,https://bitcoininfonews.com/republic-europe-kraken-spv-launch/
/republic-europe-kraken-spv-launch-15/,https://bitcoininfonews.com/republic-europe-kraken-spv-launch/
/republic-europe-kraken-spv-launch-16/,https://bitcoininfonews.com/republic-europe-kraken-spv-launch/
/republic-europe-kraken-spv-launch-17/,https://bitcoininfonews.com/republic-europe-kraken-spv-launch/
/republic-europe-kraken-spv-launch-2/,https://bitcoininfonews.com/republic-europe-kraken-spv-launch/
/republic-europe-kraken-spv-launch-3/,https://bitcoininfonews.com/republic-europe-kraken-spv-launch/
/republic-europe-kraken-spv-launch-4/,https://bitcoininfonews.com/republic-europe-kraken-spv-launch/
/republic-europe-kraken-spv-launch-5/,https://bitcoininfonews.com/republic-europe-kraken-spv-launch/
/republic-europe-kraken-spv-launch-6/,https://bitcoininfonews.com/republic-europe-kraken-spv-launch/
/republic-europe-kraken-spv-launch-7/,https://bitcoininfonews.com/republic-europe-kraken-spv-launch/
/republic-europe-kraken-spv-launch-8/,https://bitcoininfonews.com/republic-europe-kraken-spv-launch/
/republic-europe-kraken-spv-launch-9/,https://bitcoininfonews.com/republic-europe-kraken-spv-launch/
/republic-europe-kraken-spv-2/,https://bitcoininfonews.com/republic-europe-kraken-spv/
/republic-europe-kraken-spv-3/,https://bitcoininfonews.com/republic-europe-kraken-spv/
/republic-europe-kraken-spv-4/,https://bitcoininfonews.com/republic-europe-kraken-spv/
/republic-europe-kraken-spv-5/,https://bitcoininfonews.com/republic-europe-kraken-spv/
/republic-europe-kraken-spv-6/,https://bitcoininfonews.com/republic-europe-kraken-spv/
/republic-europe-kraken-spv-7/,https://bitcoininfonews.com/republic-europe-kraken-spv/
/republic-europe-kraken-spv-8/,https://bitcoininfonews.com/republic-europe-kraken-spv/
/republic-europe-kraken-spv-9/,https://bitcoininfonews.com/republic-europe-kraken-spv/
/republic-europe-kraken-stake-ipo-2/,https://bitcoininfonews.com/republic-europe-kraken-stake-ipo/
/republic-europe-kraken-stake-ipo-3/,https://bitcoininfonews.com/republic-europe-kraken-stake-ipo/
/republic-europe-kraken-stake-ipo-4/,https://bitcoininfonews.com/republic-europe-kraken-stake-ipo/
/republic-europe-kraken-stake-ipo-5/,https://bitcoininfonews.com/republic-europe-kraken-stake-ipo/
/republic-europe-kraken-stake-ipo-6/,https://bitcoininfonews.com/republic-europe-kraken-stake-ipo/
/republic-europe-kraken-stake-ipo-7/,https://bitcoininfonews.com/republic-europe-kraken-stake-ipo/
/republic-europe-kraken-stake-ipo-8/,https://bitcoininfonews.com/republic-europe-kraken-stake-ipo/
/republic-europe-kraken-stake-ipo-9/,https://bitcoininfonews.com/republic-europe-kraken-stake-ipo/
/republic-europe-kraken-stake-offer-2/,https://bitcoininfonews.com/republic-europe-kraken-stake-offer/
/republic-europe-kraken-stake-pre-ipo-2/,https://bitcoininfonews.com/republic-europe-kraken-stake-pre-ipo/
/republic-europe-kraken-stake-2/,https://bitcoininfonews.com/republic-europe-kraken-stake/
/republic-europe-kraken-stake-3/,https://bitcoininfonews.com/republic-europe-kraken-stake/
/republic-europe-kraken-stake-4/,https://bitcoininfonews.com/republic-europe-kraken-stake/
/republic-europe-kraken-stake-5/,https://bitcoininfonews.com/republic-europe-kraken-stake/
/republic-europe-spv-kraken-equity-2/,https://bitcoininfonews.com/republic-europe-spv-kraken-equity/
/republic-europe-spv-kraken-equity-3/,https://bitcoininfonews.com/republic-europe-spv-kraken-equity/
/republic-europe-spv-kraken-equity-4/,https://bitcoininfonews.com/republic-europe-spv-kraken-equity/
/republic-europe-spv-kraken-equity-5/,https://bitcoininfonews.com/republic-europe-spv-kraken-equity/
/republic-europe-spv-kraken-equity-6/,https://bitcoininfonews.com/republic-europe-spv-kraken-equity/
/republic-europe-spv-kraken-investment-2/,https://bitcoininfonews.com/republic-europe-spv-kraken-investment/
/republic-europe-spv-kraken-ipo-2/,https://bitcoininfonews.com/republic-europe-spv-kraken-ipo/
/republic-europe-spv-kraken-ipo-3/,https://bitcoininfonews.com/republic-europe-spv-kraken-ipo/
/republic-europe-spv-kraken-ipo-4/,https://bitcoininfonews.com/republic-europe-spv-kraken-ipo/
/republic-europe-spv-kraken-ipo-5/,https://bitcoininfonews.com/republic-europe-spv-kraken-ipo/
/republic-europe-spv-kraken-ipo-6/,https://bitcoininfonews.com/republic-europe-spv-kraken-ipo/
/republic-europe-spv-kraken-ipo-7/,https://bitcoininfonews.com/republic-europe-spv-kraken-ipo/
/republic-europe-spv-kraken-ipo-8/,https://bitcoininfonews.com/republic-europe-spv-kraken-ipo/
/rex-osprey-move-etf-sec-filing-2/,https://bitcoininfonews.com/rex-osprey-move-etf-sec-filing/
/ripple-ceo-denies-circle-acquisition-2/,https://bitcoininfonews.com/ripple-ceo-denies-circle-acquisition/
/ross-ulbricht-bitcoin-conference-2025/,https://bitcoininfonews.com/ross-ulbricht-bitcoin-conference/
/russia-seizes-bitcoin-illegal-miner-2/,https://bitcoininfonews.com/russia-seizes-bitcoin-illegal-miner/
/sec-binance-extend-litigation-hold-2/,https://bitcoininfonews.com/sec-binance-extend-litigation-hold/
/sec-cftc-crypto-regulation-roundtable-2/,https://bitcoininfonews.com/sec-cftc-crypto-regulation-roundtable/
/sec-crypto-custody-roundtable-2025/,https://bitcoininfonews.com/sec-crypto-custody-roundtable/
/sec-delays-21shares-sui-etf-2/,https://bitcoininfonews.com/sec-delays-21shares-sui-etf/
/sec-delays-grayscale-polkadot-etf-2/,https://bitcoininfonews.com/sec-delays-grayscale-polkadot-etf/
/sec-delays-grayscale-polkadot-etf-3/,https://bitcoininfonews.com/sec-delays-grayscale-polkadot-etf/
/sec-delays-solana-etf-decision-2/,https://bitcoininfonews.com/sec-delays-solana-etf-decision/
/sec-delays-solana-etf-decision-2025/,https://bitcoininfonews.com/sec-delays-solana-etf-decision/
/sec-ends-investigation-immutable-2/,https://bitcoininfonews.com/sec-ends-investigation-immutable/
/sec-gemini-60-day-pause-2/,https://bitcoininfonews.com/sec-gemini-60-day-pause/
/sec-ondo-finance-tokenized-securities-2/,https://bitcoininfonews.com/sec-ondo-finance-tokenized-securities/
/sec-project-crypto-regulation-2/,https://bitcoininfonews.com/sec-project-crypto-regulation/
/sec-reviews-72-crypto-etfs-2/,https://bitcoininfonews.com/sec-reviews-72-crypto-etfs/
/secure-95x-instant-roi-with-blockdag-s-limited-time-0-0000061-offer-xrp-eyes-enterprise-growth-and-shib-dips-2/,https://bitcoininfonews.com/secure-95x-instant-roi-with-blockdag-s-limited-time-0-0000061-offer-xrp-eyes-enterprise-growth-and-shib-dips/
/semler-scientific-bitcoin-acquisition-2025/,https://bitcoininfonews.com/semler-scientific-bitcoin-acquisition/
/semler-scientific-bitcoin-holdings-2025/,https://bitcoininfonews.com/semler-scientific-bitcoin-holdings/
/senate-blocks-stablecoin-regulation-2/,https://bitcoininfonews.com/senate-blocks-stablecoin-regulation/
/sharps-technology-solana-treasury-2/,https://bitcoininfonews.com/sharps-technology-solana-treasury/
/shib-ada-drift-sideways-while-blockdags-0-0019-listing-deadline-nears-2/,https://bitcoininfonews.com/shib-ada-drift-sideways-while-blockdags-0-0019-listing-deadline-nears/
/shib-and-tao-lose-steam-while-web3-ai-presale-climbs-past-8-5m-2/,https://bitcoininfonews.com/shib-and-tao-lose-steam-while-web3-ai-presale-climbs-past-8-5m/
/shiba-inu-weakens-polygon-strengthens-blockdag-raises-388m-2/,https://bitcoininfonews.com/shiba-inu-weakens-polygon-strengthens-blockdag-raises-388m/
/shibarium-bridge-flash-loan-attack-2/,https://bitcoininfonews.com/shibarium-bridge-flash-loan-attack/
/solana-ethereum-staking-etfs-launch-2/,https://bitcoininfonews.com/solana-ethereum-staking-etfs-launch/
/solana-mobile-skr-token-launch-2/,https://bitcoininfonews.com/solana-mobile-skr-token-launch/
/solyd-solana-seeker-cases-soulbound-nfts-2/,https://bitcoininfonews.com/solyd-solana-seeker-cases-soulbound-nfts/
/south-korea-blocks-crypto-apps-2/,https://bitcoininfonews.com/south-korea-blocks-crypto-apps/
/south-korea-crypto-lending-ban-2/,https://bitcoininfonews.com/south-korea-crypto-lending-ban/
/steak-n-shake-bitcoin-payments-2/,https://bitcoininfonews.com/steak-n-shake-bitcoin-payments/
/steak-n-shake-bitcoin-payments-3/,https://bitcoininfonews.com/steak-n-shake-bitcoin-payments/
/superstate-sec-equities-solana-launch-2/,https://bitcoininfonews.com/superstate-sec-equities-solana-launch/
/supreme-court-coinbase-privacy-case-2/,https://bitcoininfonews.com/supreme-court-coinbase-privacy-case/
/tether-bitcoin-gold-reserves-2/,https://bitcoininfonews.com/tether-bitcoin-gold-reserves/
/trump-bitcoin-reserve-executive-order-2/,https://bitcoininfonews.com/trump-bitcoin-reserve-executive-order/
/trump-dubai-tower-crypto-payments-2/,https://bitcoininfonews.com/trump-dubai-tower-crypto-payments/
/trump-eu-tariffs-bitcoin-impact-2/,https://bitcoininfonews.com/trump-eu-tariffs-bitcoin-impact/
/trump-pardons-binance-cz-2025/,https://bitcoininfonews.com/trump-pardons-binance-cz/
/trump-strategic-bitcoin-reserve-2025/,https://bitcoininfonews.com/trump-strategic-bitcoin-reserve/
/trump-tariffs-impact-crypto-markets-2/,https://bitcoininfonews.com/trump-tariffs-impact-crypto-markets/
/uniswap-3-trillion-trading-volume-2/,https://bitcoininfonews.com/uniswap-3-trillion-trading-volume/
/us-banks-stablecoin-initiative-2/,https://bitcoininfonews.com/us-banks-stablecoin-initiative/
/us-bitcoin-reserve-gold-revaluation-2/,https://bitcoininfonews.com/us-bitcoin-reserve-gold-revaluation/
/us-bitcoin-strategic-reserve-2/,https://bitcoininfonews.com/us-bitcoin-strategic-reserve/
/us-genius-act-stablecoin-regulation-2/,https://bitcoininfonews.com/us-genius-act-stablecoin-regulation/
/us-recovers-7m-crypto-fraud-2/,https://bitcoininfonews.com/us-recovers-7m-crypto-fraud/
/us-strategic-bitcoin-reserve-2025-2/,https://bitcoininfonews.com/us-strategic-bitcoin-reserve-2025/
/us-strategic-bitcoin-reserve-2025-3/,https://bitcoininfonews.com/us-strategic-bitcoin-reserve-2025/
/us-strategic-bitcoin-reserve-2025-4/,https://bitcoininfonews.com/us-strategic-bitcoin-reserve-2025/
/us-strategic-bitcoin-reserve-policy-shift-2/,https://bitcoininfonews.com/us-strategic-bitcoin-reserve-policy-shift/
/us-strategic-bitcoin-reserve-policy-2/,https://bitcoininfonews.com/us-strategic-bitcoin-reserve-policy/
/us-strategic-bitcoin-reserve-2/,https://bitcoininfonews.com/us-strategic-bitcoin-reserve/
/us-strategic-bitcoin-reserve-2025/,https://bitcoininfonews.com/us-strategic-bitcoin-reserve/
/us-strategic-bitcoin-reserve-3/,https://bitcoininfonews.com/us-strategic-bitcoin-reserve/
/us-strategic-bitcoin-reserve-4/,https://bitcoininfonews.com/us-strategic-bitcoin-reserve/
/us-strategic-bitcoin-reserve-5/,https://bitcoininfonews.com/us-strategic-bitcoin-reserve/
/vitalik-buterin-ethereum-simplification-2/,https://bitcoininfonews.com/vitalik-buterin-ethereum-simplification/
/warren-waters-sec-trump-crypto-probe-2/,https://bitcoininfonews.com/warren-waters-sec-trump-crypto-probe/
/world-liberty-financial-token-sale-2/,https://bitcoininfonews.com/world-liberty-financial-token-sale/
/world-liberty-financial-usd1-airdrop-2/,https://bitcoininfonews.com/world-liberty-financial-usd1-airdrop/
/zero-knowledge-proof-zkp-crypto-turns-action-into-rewards-2/,https://bitcoininfonews.com/zero-knowledge-proof-zkp-crypto-turns-action-into-rewards/
/zkp-takes-center-stage-with-5m-giveaway-while-eth-anchors-and-tron-gains-ground-2/,https://bitcoininfonews.com/zkp-takes-center-stage-with-5m-giveaway-while-eth-anchors-and-tron-gains-ground/
/zkps-presale-auction-is-projected-to-reach-1-7-billion-while-zcash-hedera-struggle-to-keep-up-2/,https://bitcoininfonews.com/zkps-presale-auction-is-projected-to-reach-1-7-billion-while-zcash-hedera-struggle-to-keep-up/
