source_url,target_url,source_title,target_title,reason,batch
https://bitcoininfonews.com/arizona-bitcoin-reserve-bill-veto-2/,https://bitcoininfonews.com/arizona-bitcoin-reserve-bill-veto/,Arizona Governor Vetoes Bitcoin Reserve Bill Amid Criticism,Arizona Governor Vetoes Bill Allowing Bitcoin Reserves,numbered duplicate with indexable base canonical,batch_3_duplicate_consolidation
https://bitcoininfonews.com/arthur-hayes-bitcoin-110k-prediction-2/,https://bitcoininfonews.com/arthur-hayes-bitcoin-110k-prediction/,Arthur Hayes Predicts Bitcoin Must Hit $110K for Alt Season,Arthur Hayes Predicts Bitcoin Rise to $110K,numbered duplicate with indexable base canonical,batch_3_duplicate_consolidation
https://bitcoininfonews.com/arthur-hayes-bitcoin-million-2028-2/,https://bitcoininfonews.com/arthur-hayes-bitcoin-million-2028/,Arthur Hayes Predicts Bitcoin to Hit $1 Million by 2028,Arthur Hayes Predicts Bitcoin Reaching $1 Million by 2028,numbered duplicate with indexable base canonical,batch_3_duplicate_consolidation
https://bitcoininfonews.com/atticus-2-billion-valuation-funding-2/,https://bitcoininfonews.com/atticus-2-billion-valuation-funding/,Atticus Aims for $2 Billion Valuation in New Funding Round,Atticus Nears $2 Billion Valuation in New Funding Round,numbered duplicate with indexable base canonical,batch_3_duplicate_consolidation
https://bitcoininfonews.com/binance-kyrgyzstan-crypto-partnership-2/,https://bitcoininfonews.com/binance-kyrgyzstan-crypto-partnership/,Binance Partners with Kyrgyzstan for Crypto Infrastructure,Binance Partners with Kyrgyzstan to Boost Crypto Ecosystem,numbered duplicate with indexable base canonical,batch_3_duplicate_consolidation
https://bitcoininfonews.com/binance-usd1-stablecoin-integration-2/,https://bitcoininfonews.com/binance-usd1-stablecoin-integration/,Binance Switches BUSD Collateral to New Stablecoin USD1,Binance Integrates USD1 Stablecoin by Trump-Linked Platform,numbered duplicate with indexable base canonical,batch_3_duplicate_consolidation
https://bitcoininfonews.com/bitcoin-100k-short-liquidations-2/,https://bitcoininfonews.com/bitcoin-100k-short-liquidations/,Bitcoin Surpasses $100K Amidst Massive Short Liquidations on Major Exchanges,"Bitcoin Surpasses $100K, Triggers Surge in Short Liquidations",numbered duplicate with indexable base canonical,batch_3_duplicate_consolidation
https://bitcoininfonews.com/bitcoin-110k-institutional-buying-2/,https://bitcoininfonews.com/bitcoin-110k-institutional-buying/,Bitcoin Nears $110K Amid Institutional Buying Surge,Bitcoin Surpasses $110K Again Amid Institutional Buying,numbered duplicate with indexable base canonical,batch_3_duplicate_consolidation
https://bitcoininfonews.com/bitcoin-all-time-high-institutional-inflows-2/,https://bitcoininfonews.com/bitcoin-all-time-high-institutional-inflows/,Bitcoin Hits New All-Time High as Institutional Inflows Surge,Bitcoin Hits New All-Time High Amid Institutional Interest,numbered duplicate with indexable base canonical,batch_3_duplicate_consolidation
https://bitcoininfonews.com/bitcoin-etf-record-inflows-market-2/,https://bitcoininfonews.com/bitcoin-etf-record-inflows-market/,Bitcoin ETF Inflows Reach Record Amid Market Changes,Bitcoin ETFs Show Record Inflows as Market Gains Traction,numbered duplicate with indexable base canonical,batch_3_duplicate_consolidation
https://bitcoininfonews.com/bitcoin-nears-all-time-high-2/,https://bitcoininfonews.com/bitcoin-nears-all-time-high/,Bitcoin Nears Peak with Institutional and Political Support,Bitcoin Nears All-Time High Amid Market Excitement,numbered duplicate with indexable base canonical,batch_3_duplicate_consolidation
https://bitcoininfonews.com/bitcoin-nears-all-time-high-3/,https://bitcoininfonews.com/bitcoin-nears-all-time-high/,Bitcoin Nears All-Time High Amid Regulatory and Institutional Momentum,Bitcoin Nears All-Time High Amid Market Excitement,numbered duplicate with indexable base canonical,batch_3_duplicate_consolidation
https://bitcoininfonews.com/bitcoin-outperforming-gold-pompliano-geopolitics-2/,https://bitcoininfonews.com/bitcoin-outperforming-gold-pompliano-geopolitics/,"Why Bitcoin Is Outperforming Gold Right Now, According to Pompliano","Why Bitcoin Is Outperforming Gold Right Now, According to Pompliano",numbered duplicate with indexable base canonical,batch_3_duplicate_consolidation
https://bitcoininfonews.com/bitcoin-spot-etf-inflows-167-million-2/,https://bitcoininfonews.com/bitcoin-spot-etf-inflows-167-million/,"Bitcoin Spot ETFs Record $167M Net Inflow, Ending 3-Day Outflow Streak","Bitcoin Spot ETFs Record $167M Net Inflow, Ending 3-Day Outflow Streak",numbered duplicate with indexable base canonical,batch_3_duplicate_consolidation
https://bitcoininfonews.com/bitcoin-volatility-us-tariffs-2/,https://bitcoininfonews.com/bitcoin-volatility-us-tariffs/,Bitcoin Faces Volatility Amid New U.S. Tariff Actions,Bitcoin Experiences Volatility Amid U.S. Tariff Announcements,numbered duplicate with indexable base canonical,batch_3_duplicate_consolidation
https://bitcoininfonews.com/bitget-legal-action-voxel-manipulation-2/,https://bitcoininfonews.com/bitget-legal-action-voxel-manipulation/,Bitget Pursues Legal Action in $20M VOXEL Manipulation Case,Bitget Pursues Legal Action Against Suspected Market Manipulators,numbered duplicate with indexable base canonical,batch_3_duplicate_consolidation
https://bitcoininfonews.com/bitwise-chainlink-spot-etf-filing-2/,https://bitcoininfonews.com/bitwise-chainlink-spot-etf-filing/,Bitwise Files First Spot Chainlink ETF with SEC,Bitwise Files for Chainlink (LINK) Spot ETF with SEC,numbered duplicate with indexable base canonical,batch_3_duplicate_consolidation
https://bitcoininfonews.com/bitwise-near-etf-delaware-registration-2/,https://bitcoininfonews.com/bitwise-near-etf-delaware-registration/,Bitwise Registers NEAR ETF in Delaware for Crypto Access,Bitwise Registers NEAR ETF in Delaware for SEC Approval,numbered duplicate with indexable base canonical,batch_3_duplicate_consolidation
https://bitcoininfonews.com/bitwise-near-etf-delaware-registration-3/,https://bitcoininfonews.com/bitwise-near-etf-delaware-registration/,"Bitwise Registers NEAR ETF in Delaware, Expanding Crypto Catalog",Bitwise Registers NEAR ETF in Delaware for SEC Approval,numbered duplicate with indexable base canonical,batch_3_duplicate_consolidation
https://bitcoininfonews.com/blockdag-2025-mining-referrals-and-rewards-driving-roi-2/,https://bitcoininfonews.com/blockdag-2025-mining-referrals-and-rewards-driving-roi/,"BlockDAG 2025: Mining, Referrals, and Rewards Driving ROI","BlockDAG 2025: Mining, Referrals, and Rewards Driving ROI",numbered duplicate with indexable base canonical,batch_3_duplicate_consolidation
https://bitcoininfonews.com/blockdag-bwt-alpine-f1-deal-drives-420m-presale-momentum-2/,https://bitcoininfonews.com/blockdag-bwt-alpine-f1-deal-drives-420m-presale-momentum/,BlockDAG BWT Alpine F1 Deal Drives $420M+ Presale Momentum,BlockDAG BWT Alpine F1 Deal Drives $420M+ Presale Momentum,numbered duplicate with indexable base canonical,batch_3_duplicate_consolidation
https://bitcoininfonews.com/blockdag-explained-hybrid-blockchain-with-dag-speed-smart-contract-support-2/,https://bitcoininfonews.com/blockdag-explained-hybrid-blockchain-with-dag-speed-smart-contract-support/,BlockDAG Explained: Hybrid Blockchain with DAG Speed & Smart Contract Support,BlockDAG Explained: Hybrid Blockchain with DAG Speed & Smart Contract Support,numbered duplicate with indexable base canonical,batch_3_duplicate_consolidation
https://bitcoininfonews.com/blockdag-nears-410m-presale-as-eth-and-xrp-lose-strength-2/,https://bitcoininfonews.com/blockdag-nears-410m-presale-as-eth-and-xrp-lose-strength/,BlockDAG Nears $410M Presale as ETH and XRP Lose Strength,BlockDAG Nears $410M Presale as ETH and XRP Lose Strength,numbered duplicate with indexable base canonical,batch_3_duplicate_consolidation
https://bitcoininfonews.com/blockdags-3m-miners-outshine-ethereum-and-arbitrum-resistance-2/,https://bitcoininfonews.com/blockdags-3m-miners-outshine-ethereum-and-arbitrum-resistance/,BlockDAG’s 3M Miners Outshine Ethereum and Arbitrum Resistance,BlockDAG’s 3M Miners Outshine Ethereum and Arbitrum Resistance,numbered duplicate with indexable base canonical,batch_3_duplicate_consolidation
https://bitcoininfonews.com/blockdags-presale-hits-336m-and-little-pepes-stage-3-presale-gains-2/,https://bitcoininfonews.com/blockdags-presale-hits-336m-and-little-pepes-stage-3-presale-gains/,BlockDAG’s Presale Hits $336M and Little Pepe’s Stage 3 Presale Gains,BlockDAG’s Presale Hits $336M and Little Pepe’s Stage 3 Presale Gains,numbered duplicate with indexable base canonical,batch_3_duplicate_consolidation
https://bitcoininfonews.com/blockdags-x-series-and-sports-partnerships-outperform-xrp-and-okb-as-the-best-crypto-platform-with-383m-raised-2/,https://bitcoininfonews.com/blockdags-x-series-and-sports-partnerships-outperform-xrp-and-okb-as-the-best-crypto-platform-with-383m-raised/,BlockDAG’s X Series and Sports Partnerships Outperform XRP and OKB as the Best Crypto Platform with $383M Raised,BlockDAG’s X Series and Sports Partnerships Outperform XRP and OKB as the Best Crypto Platform with $383M Raised,numbered duplicate with indexable base canonical,batch_3_duplicate_consolidation
https://bitcoininfonews.com/brown-university-bitcoin-etf-investment-2/,https://bitcoininfonews.com/brown-university-bitcoin-etf-investment/,Brown University Invests $4.9M in Bitcoin ETF,Brown University Invests $4.9M in Bitcoin ETF,numbered duplicate with indexable base canonical,batch_3_duplicate_consolidation
https://bitcoininfonews.com/brown-university-bitcoin-etf-investment-3/,https://bitcoininfonews.com/brown-university-bitcoin-etf-investment/,Brown University Invests $4.9M in BlackRock's Bitcoin ETF,Brown University Invests $4.9M in Bitcoin ETF,numbered duplicate with indexable base canonical,batch_3_duplicate_consolidation
https://bitcoininfonews.com/buyers-rush-to-secure-blockdag-at-0-0000061-while-hyperliquid-battles-35-floor-and-monero-eyes-upside-2/,https://bitcoininfonews.com/buyers-rush-to-secure-blockdag-at-0-0000061-while-hyperliquid-battles-35-floor-and-monero-eyes-upside/,"Buyers Rush to Secure BlockDAG at $0.0000061, While Hyperliquid Battles $35 Floor & Monero Eyes Upside","Buyers Rush to Secure BlockDAG at $0.0000061, While Hyperliquid Battles $35 Floor & Monero Eyes Upside",numbered duplicate with indexable base canonical,batch_3_duplicate_consolidation
https://bitcoininfonews.com/canada-unregistered-crypto-exchanges-2/,https://bitcoininfonews.com/canada-unregistered-crypto-exchanges/,Canada Targets Unregistered Crypto Exchanges in Major Laundering Case,Canada Targets Unregistered Crypto Exchanges in Major Laundering Case,numbered duplicate with indexable base canonical,batch_3_duplicate_consolidation
https://bitcoininfonews.com/canary-capital-xrp-etf-launch-2/,https://bitcoininfonews.com/canary-capital-xrp-etf-launch/,Canary Capital's XRP ETF Launch Achieves Record Inflows,XRP ETF Launching Soon Under Canary Capital,numbered duplicate with indexable base canonical,batch_3_duplicate_consolidation
https://bitcoininfonews.com/cardano-chainlink-blockdag-best-long-term-crypto-picks-2025-2/,https://bitcoininfonews.com/cardano-chainlink-blockdag-best-long-term-crypto-picks-2025/,"Cardano, Chainlink, & BlockDAG: Best Long-Term Crypto Picks 2025","Cardano, Chainlink, & BlockDAG: Best Long-Term Crypto Picks 2025",numbered duplicate with indexable base canonical,batch_3_duplicate_consolidation
https://bitcoininfonews.com/celsius-founder-sentenced-fraud-2/,https://bitcoininfonews.com/celsius-founder-sentenced-fraud/,Celsius Founder Alex Mashinsky Sentenced to 12 Years for Fraud,Celsius Founder Alex Mashinsky Sentenced to 12 Years for Fraud,numbered duplicate with indexable base canonical,batch_3_duplicate_consolidation
https://bitcoininfonews.com/cftc-leveraged-crypto-trading-2025-2/,https://bitcoininfonews.com/cftc-leveraged-crypto-trading-2025/,CFTC Targets December 2025 for Leveraged Crypto Trading Launch,CFTC to Launch Leveraged Crypto Trading by December 2025,numbered duplicate with indexable base canonical,batch_3_duplicate_consolidation
https://bitcoininfonews.com/chaincatcher-alibaba-cloud-web3-infrastructure-2/,https://bitcoininfonews.com/chaincatcher-alibaba-cloud-web3-infrastructure/,ChainCatcher Partners with Alibaba Cloud to Boost Web3 Infrastructure,ChainCatcher Teams Up with Alibaba Cloud for Web3 Growth,numbered duplicate with indexable base canonical,batch_3_duplicate_consolidation
https://bitcoininfonews.com/chainlink-cardano-blockdag-which-is-the-best-crypto-for-2025-2/,https://bitcoininfonews.com/chainlink-cardano-blockdag-which-is-the-best-crypto-for-2025/,"Chainlink, Cardano, BlockDAG: Which Is the Best Crypto for 2025?","Chainlink, Cardano, BlockDAG: Which Is the Best Crypto for 2025?",numbered duplicate with indexable base canonical,batch_3_duplicate_consolidation
https://bitcoininfonews.com/changpeng-zhao-denies-wsj-claims-2/,https://bitcoininfonews.com/changpeng-zhao-denies-wsj-claims/,"Changpeng Zhao Rejects WSJ Claims, Cites Reputation Attack",Changpeng Zhao Denies WSJ Claims Amid Ongoing Legal Challenges,numbered duplicate with indexable base canonical,batch_3_duplicate_consolidation
https://bitcoininfonews.com/circle-national-trust-bank-charter-usdc-2/,https://bitcoininfonews.com/circle-national-trust-bank-charter-usdc/,Circle Seeks National Trust Bank Charter for USDC Stability,Circle Seeks National Trust Bank Charter for USDC Management,numbered duplicate with indexable base canonical,batch_3_duplicate_consolidation
https://bitcoininfonews.com/cleanspark-record-revenue-bitcoin-mining-2/,https://bitcoininfonews.com/cleanspark-record-revenue-bitcoin-mining/,CleanSpark Achieves Record Revenue with Sustainable Bitcoin Mining,CleanSpark Reports Record Revenue with 62.5% Growth in Bitcoin Mining,numbered duplicate with indexable base canonical,batch_3_duplicate_consolidation
https://bitcoininfonews.com/coinbase-acquires-deribit-2-9-billion-2/,https://bitcoininfonews.com/coinbase-acquires-deribit-2-9-billion/,Coinbase Acquires Deribit in $2.9 Billion Deal,Coinbase Purchases Deribit for $2.9 Billion Enhancing Trading Revenues,numbered duplicate with indexable base canonical,batch_3_duplicate_consolidation
https://bitcoininfonews.com/coinbase-acquires-deribit-crypto-deal-2/,https://bitcoininfonews.com/coinbase-acquires-deribit-crypto-deal/,Coinbase Acquires Deribit in $2.9 Billion Crypto Deal,Coinbase Acquires Deribit in $2.9 Billion Crypto Deal,numbered duplicate with indexable base canonical,batch_3_duplicate_consolidation
https://bitcoininfonews.com/court-blocks-trump-tariffs-2/,https://bitcoininfonews.com/court-blocks-trump-tariffs/,U.S. Court Blocks Trump's Liberation Day Tariffs,U.S. Court Blocks Trump's Global Tariff Plan,numbered duplicate with indexable base canonical,batch_3_duplicate_consolidation
https://bitcoininfonews.com/crypto-firms-bank-charters-meme-coins-2/,https://bitcoininfonews.com/crypto-firms-bank-charters-meme-coins/,Crypto Firms Eye Bank Charters Amid Meme Coin Surge,Crypto Firms' Bank Charter Pursuits Boost Meme Coin Interest,numbered duplicate with indexable base canonical,batch_3_duplicate_consolidation
https://bitcoininfonews.com/crypto-firms-seek-bank-charters-2/,https://bitcoininfonews.com/crypto-firms-seek-bank-charters/,Crypto Firms Seeking Bank Charters Under Trump,Crypto Firms Pursue Bank Charters Amid Rising Meme Coin Interest,numbered duplicate with indexable base canonical,batch_3_duplicate_consolidation
https://bitcoininfonews.com/crypto-perpetual-futures-us-trading-2/,https://bitcoininfonews.com/crypto-perpetual-futures-us-trading/,Crypto Perpetual Futures Approved for U.S. Trading,Crypto Perpetual Futures May Trade in US Soon,numbered duplicate with indexable base canonical,batch_3_duplicate_consolidation
https://bitcoininfonews.com/crypto-top-gainers-2025-blockdag-polkadot-aptos-and-xrp-on-every-watchlist-2/,https://bitcoininfonews.com/crypto-top-gainers-2025-blockdag-polkadot-aptos-and-xrp-on-every-watchlist/,"Crypto Top Gainers 2025: BlockDAG, Polkadot, Aptos, and XRP on Every Watchlist","Crypto Top Gainers 2025: BlockDAG, Polkadot, Aptos, and XRP on Every Watchlist",numbered duplicate with indexable base canonical,batch_3_duplicate_consolidation
https://bitcoininfonews.com/crypto-vc-funding-q1-2025-2/,https://bitcoininfonews.com/crypto-vc-funding-q1-2025/,Crypto VC Funding in Q1 2025 Exceeds $4.5 Billion,Crypto VC Funding in Q1 2025 Rises 40%,numbered duplicate with indexable base canonical,batch_3_duplicate_consolidation
https://bitcoininfonews.com/cz-buys-mubarak-tst-tokens-2/,https://bitcoininfonews.com/cz-buys-mubarak-tst-tokens/,CZ Purchases MUBARAK and TST Tokens for $1200,CZ Buys MUBARAK and TST Tokens for Testing,numbered duplicate with indexable base canonical,batch_3_duplicate_consolidation
https://bitcoininfonews.com/defi-tvl-drops-below-95-billion-2/,https://bitcoininfonews.com/defi-tvl-drops-below-95-billion/,DeFi Total Value Locked Falls 30% from December Peak,DeFi Sector Sees TVL Drop to Under $95 Billion,numbered duplicate with indexable base canonical,batch_3_duplicate_consolidation
https://bitcoininfonews.com/elon-musk-america-party-bitcoin-2/,https://bitcoininfonews.com/elon-musk-america-party-bitcoin/,Elon Musk Proposes America Party to Embrace Bitcoin,Elon Musk Launches Pro-Bitcoin 'America Party',numbered duplicate with indexable base canonical,batch_3_duplicate_consolidation
https://bitcoininfonews.com/elon-musk-america-party-bitcoin-3/,https://bitcoininfonews.com/elon-musk-america-party-bitcoin/,Elon Musk Announces New Party to Embrace Bitcoin,Elon Musk Launches Pro-Bitcoin 'America Party',numbered duplicate with indexable base canonical,batch_3_duplicate_consolidation
https://bitcoininfonews.com/elon-musk-launches-america-party-2/,https://bitcoininfonews.com/elon-musk-launches-america-party/,Elon Musk Launches America Party Amidst Trump Criticism,Elon Musk Forms America Party Amid Fiscal Concerns,numbered duplicate with indexable base canonical,batch_3_duplicate_consolidation
https://bitcoininfonews.com/elon-musk-sells-x-to-xai-2/,https://bitcoininfonews.com/elon-musk-sells-x-to-xai/,Elon Musk Transfers X to Startup xAI Amid Legal Dispute,Elon Musk Sells X to xAI Amid Legal Challenges,numbered duplicate with indexable base canonical,batch_3_duplicate_consolidation
https://bitcoininfonews.com/eth-drops-to-1400-bdag-launches-devs-launchpad-xrp-etf-incoming-2/,https://bitcoininfonews.com/eth-drops-to-1400-bdag-launches-devs-launchpad-xrp-etf-incoming/,"ETH Drops to $1,400, BDAG Launches Devs Launchpad! XRP ETF Incoming?","ETH Drops to $1,400, BDAG Launches Devs Launchpad! XRP ETF Incoming?",numbered duplicate with indexable base canonical,batch_3_duplicate_consolidation
https://bitcoininfonews.com/ethena-dips-xrp-outlook-rises-blockdag-ignites-token2049-with-0-03-presale-2/,https://bitcoininfonews.com/ethena-dips-xrp-outlook-rises-blockdag-ignites-token2049-with-0-03-presale/,"Ethena Cools, XRP Eyes $5, but BlockDAG’s Token2049 Debut, and 2049% Bonus Make It 2025’s Must-Watch Crypto","Ethena Dips, XRP Outlook Rises, BlockDAG Ignites Token2049 with $0.03 Presale",numbered duplicate with indexable base canonical,batch_3_duplicate_consolidation
https://bitcoininfonews.com/ethereum-foundation-new-leadership-2025-2/,https://bitcoininfonews.com/ethereum-foundation-new-leadership-2025/,Ethereum Foundation Introduces Dual-Executive Model for 2025,Ethereum Foundation Appoints New Co-Executive Directors,numbered duplicate with indexable base canonical,batch_3_duplicate_consolidation
https://bitcoininfonews.com/ethereum-foundation-sells-10000-eth-2/,https://bitcoininfonews.com/ethereum-foundation-sells-10000-eth/,"Ethereum Foundation Sells 10,000 ETH to Fund Research","Ethereum Foundation Sells 10,000 ETH to SharpLink Gaming",numbered duplicate with indexable base canonical,batch_3_duplicate_consolidation
https://bitcoininfonews.com/ethereum-pectra-upgrade-may-2025-2/,https://bitcoininfonews.com/ethereum-pectra-upgrade-may-2025/,Ethereum's Pectra Upgrade Confirmed for May 2025 Launch,Ethereum Pectra Upgrade Set for May 2025 Launch,numbered duplicate with indexable base canonical,batch_3_duplicate_consolidation
https://bitcoininfonews.com/eu-sanctions-a7a5-stablecoin-2/,https://bitcoininfonews.com/eu-sanctions-a7a5-stablecoin/,EU Sanctions Russia's A7A5 Stablecoin in Latest Crackdown,EU Sanctions Russian-Backed A7A5 Stablecoin in New Measures,numbered duplicate with indexable base canonical,batch_3_duplicate_consolidation
https://bitcoininfonews.com/federal-reserve-eases-crypto-rules-2/,https://bitcoininfonews.com/federal-reserve-eases-crypto-rules/,Federal Reserve Eases Crypto Rules for U.S. Banks,Federal Reserve Eases Crypto Rules for U.S. Banks,numbered duplicate with indexable base canonical,batch_3_duplicate_consolidation
https://bitcoininfonews.com/fidelity-launches-solana-etf-2/,https://bitcoininfonews.com/fidelity-launches-solana-etf/,Fidelity Launches Solana ETF on NYSE Arca,Fidelity Launches Solana ETF on NYSE Arca,numbered duplicate with indexable base canonical,batch_3_duplicate_consolidation
https://bitcoininfonews.com/florida-bitcoin-reserve-bills-withdrawn-2/,https://bitcoininfonews.com/florida-bitcoin-reserve-bills-withdrawn/,Florida Withdraws Bitcoin Reserve Bills Amid U.S. Legislative Challenges,Florida Withdraws Bitcoin Reserve Bills from Consideration,numbered duplicate with indexable base canonical,batch_3_duplicate_consolidation
https://bitcoininfonews.com/france-crypto-kidnappings-security-measures-2/,https://bitcoininfonews.com/france-crypto-kidnappings-security-measures/,Crypto Execs Kidnapped in France Prompt Security Talks,France Boosts Security Amid Rising Crypto Kidnappings,numbered duplicate with indexable base canonical,batch_3_duplicate_consolidation
https://bitcoininfonews.com/ftx-creditor-payments-may-2/,https://bitcoininfonews.com/ftx-creditor-payments-may/,FTX Plans Creditor Payments by May End,FTX to Start Creditor Payments by May Ending,numbered duplicate with indexable base canonical,batch_3_duplicate_consolidation
https://bitcoininfonews.com/ftx-creditor-repayment-5-billion-2/,https://bitcoininfonews.com/ftx-creditor-repayment-5-billion/,FTX Initiates $5 Billion Creditor Repayment Phase,FTX Initiates $5.4 Billion Creditor Repayment,numbered duplicate with indexable base canonical,batch_3_duplicate_consolidation
https://bitcoininfonews.com/gamestop-bitcoin-treasury-asset-2/,https://bitcoininfonews.com/gamestop-bitcoin-treasury-asset/,GameStop Adopts Bitcoin as Treasury Asset,GameStop Incorporates Bitcoin as Treasury Reserve Asset,numbered duplicate with indexable base canonical,batch_3_duplicate_consolidation
https://bitcoininfonews.com/genius-act-stablecoin-regulation-2/,https://bitcoininfonews.com/genius-act-stablecoin-regulation/,"GENIUS Act Passes House, Federal Stablecoin Regulation Awaits",U.S. Senate Passes GENIUS Act for Stablecoin Regulation,numbered duplicate with indexable base canonical,batch_3_duplicate_consolidation
https://bitcoininfonews.com/genius-act-stablecoin-regulation-2025/,https://bitcoininfonews.com/genius-act-stablecoin-regulation/,US Senate Approves GENIUS Act Regulating Stablecoins Nationwide,U.S. Senate Passes GENIUS Act for Stablecoin Regulation,numbered duplicate with indexable base canonical,batch_3_duplicate_consolidation
https://bitcoininfonews.com/genius-act-us-stablecoin-regulations-2/,https://bitcoininfonews.com/genius-act-us-stablecoin-regulations/,GENIUS Act Sets U.S. Stablecoin Regulations,GENIUS Act Moves Forward as Senate Approves Stablecoin Regulation,numbered duplicate with indexable base canonical,batch_3_duplicate_consolidation
https://bitcoininfonews.com/hong-kong-stablecoin-regulations-2025-2/,https://bitcoininfonews.com/hong-kong-stablecoin-regulations-2025/,Hong Kong Launches Stablecoin Regulations for Financial Efficiency,Hong Kong to Enforce Stablecoin Regulations August 2025,numbered duplicate with indexable base canonical,batch_3_duplicate_consolidation
https://bitcoininfonews.com/hong-kong-stablecoin-regulations-2025-3/,https://bitcoininfonews.com/hong-kong-stablecoin-regulations-2025/,Hong Kong to Enforce Stablecoin Regulations by 2025,Hong Kong to Enforce Stablecoin Regulations August 2025,numbered duplicate with indexable base canonical,batch_3_duplicate_consolidation
https://bitcoininfonews.com/ibm-anthropic-ai-partnership-2/,https://bitcoininfonews.com/ibm-anthropic-ai-partnership/,IBM Shares Surge After Announcing Anthropic AI Partnership,IBM Shares Surge After Announcing Anthropic AI Partnership,numbered duplicate with indexable base canonical,batch_3_duplicate_consolidation
https://bitcoininfonews.com/illinois-crypto-consumer-protection-laws-2/,https://bitcoininfonews.com/illinois-crypto-consumer-protection-laws/,Illinois Enacts New Crypto Consumer Protection Laws,Illinois Enacts Crypto Consumer Protection Bills,numbered duplicate with indexable base canonical,batch_3_duplicate_consolidation
https://bitcoininfonews.com/jpmorgan-bitcoin-ethereum-loan-collateral-2/,https://bitcoininfonews.com/jpmorgan-bitcoin-ethereum-loan-collateral/,JPMorgan to Accept Bitcoin and Ethereum as Loan Collateral,JPMorgan Integrates Bitcoin and Ethereum as Loan Collateral,numbered duplicate with indexable base canonical,batch_3_duplicate_consolidation
https://bitcoininfonews.com/jpmorgan-clients-buy-bitcoin-105300/,https://bitcoininfonews.com/jpmorgan-clients-buy-bitcoin/,"JPMorgan Clients Can Buy Bitcoin at $105,300","JPMorgan Opens Bitcoin Buying to Clients, No Custody Services",numbered duplicate with indexable base canonical,batch_3_duplicate_consolidation
https://bitcoininfonews.com/jpmorgan-clients-buy-bitcoin-2/,https://bitcoininfonews.com/jpmorgan-clients-buy-bitcoin/,JPMorgan Allows Bitcoin Purchases; CEO Remains Skeptical,"JPMorgan Opens Bitcoin Buying to Clients, No Custody Services",numbered duplicate with indexable base canonical,batch_3_duplicate_consolidation
https://bitcoininfonews.com/libre-tokenizes-500m-telegram-bonds-2/,https://bitcoininfonews.com/libre-tokenizes-500m-telegram-bonds/,Libre Tokenizes $500M Telegram Bonds on TON Network,Libre Tokenizes $500M of Telegram Bonds on TON Blockchain,numbered duplicate with indexable base canonical,batch_3_duplicate_consolidation
https://bitcoininfonews.com/meta-anduril-military-xr-headsets-2/,https://bitcoininfonews.com/meta-anduril-military-xr-headsets/,Meta and Anduril Partner to Develop Military XR Headsets,Meta Partners with Anduril for Military XR Gear,numbered duplicate with indexable base canonical,batch_3_duplicate_consolidation
https://bitcoininfonews.com/meta-rejects-bitcoin-treasury-proposal-2/,https://bitcoininfonews.com/meta-rejects-bitcoin-treasury-proposal/,Meta Platforms Rejects Bitcoin Treasury Proposal,Meta Shareholders Reject Bitcoin Treasury Allocation Proposal,numbered duplicate with indexable base canonical,batch_3_duplicate_consolidation
https://bitcoininfonews.com/meta-rejects-bitcoin-treasury-proposal-3/,https://bitcoininfonews.com/meta-rejects-bitcoin-treasury-proposal/,Meta Rejects Bitcoin Adoption for Corporate Treasury,Meta Shareholders Reject Bitcoin Treasury Allocation Proposal,numbered duplicate with indexable base canonical,batch_3_duplicate_consolidation
https://bitcoininfonews.com/meta-shareholders-reject-bitcoin-proposal-2/,https://bitcoininfonews.com/meta-shareholders-reject-bitcoin-proposal/,Meta Shareholders Reject Bitcoin Treasury Proposal,Meta Shareholders Reject Bitcoin Treasury Proposal,numbered duplicate with indexable base canonical,batch_3_duplicate_consolidation
https://bitcoininfonews.com/meta-shareholders-reject-bitcoin-treasury-2/,https://bitcoininfonews.com/meta-shareholders-reject-bitcoin-treasury/,Meta Shareholders Reject Bitcoin Addition to Treasury Reserves,Meta Shareholders Reject Bitcoin Treasury Proposal,numbered duplicate with indexable base canonical,batch_3_duplicate_consolidation
https://bitcoininfonews.com/metaplanet-expands-bitcoin-holdings-2/,https://bitcoininfonews.com/metaplanet-expands-bitcoin-holdings/,Metaplanet Secures $54 Million to Expand Bitcoin Holdings,Metaplanet Expands Bitcoin Holdings with Bold Investment Strategy,numbered duplicate with indexable base canonical,batch_3_duplicate_consolidation
https://bitcoininfonews.com/michael-saylor-bitcoin-purchase-signals-2/,https://bitcoininfonews.com/michael-saylor-bitcoin-purchase-signals/,Michael Saylor Hints at New Bitcoin Purchases by Strategy Inc.,Michael Saylor Signals New Strategy Bitcoin Purchases,numbered duplicate with indexable base canonical,batch_3_duplicate_consolidation
https://bitcoininfonews.com/michael-saylor-bitcoin-strategy-impact-2/,https://bitcoininfonews.com/michael-saylor-bitcoin-strategy-impact/,"Michael Saylor's Bitcoin Strategy Boosts MSTR by 3,558%",Michael Saylor's Bitcoin Strategy Signals Future Market Impact,numbered duplicate with indexable base canonical,batch_3_duplicate_consolidation
https://bitcoininfonews.com/microstrategy-index-exclusion-bitcoin-risk-2/,https://bitcoininfonews.com/microstrategy-index-exclusion-bitcoin-risk/,MicroStrategy Faces Index Exclusion Amid Bitcoin Asset Risks,MicroStrategy Faces Potential Index Exclusion Over Bitcoin Exposure,numbered duplicate with indexable base canonical,batch_3_duplicate_consolidation
https://bitcoininfonews.com/morgan-stanley-crypto-etf-adoption-still-early-advisor-access-slow-2/,https://bitcoininfonews.com/morgan-stanley-crypto-etf-adoption-still-early-advisor-access-slow/,Morgan Stanley Says Crypto ETF Adoption Is Still Early as Advisor Access Expands Slowly,Morgan Stanley Says Crypto ETF Adoption Is Still Early as Advisor Access Expands Slowly,numbered duplicate with indexable base canonical,batch_3_duplicate_consolidation
https://bitcoininfonews.com/native-markets-hyperliquid-usdh-stablecoin-2/,https://bitcoininfonews.com/native-markets-hyperliquid-usdh-stablecoin/,Native Markets Secures Launch of Hyperliquid's USDH Stablecoin,Native Markets Poised to Issue Hyperliquid's USDH Stablecoin,numbered duplicate with indexable base canonical,batch_3_duplicate_consolidation
https://bitcoininfonews.com/new-crypto-zkp-commands-market-attention-with-massive-5m-giveaway-as-sol-xmr-consolidate-2/,https://bitcoininfonews.com/new-crypto-zkp-commands-market-attention-with-massive-5m-giveaway-as-sol-xmr-consolidate/,New Crypto ZKP Commands Market Attention with Massive $5M Giveaway as SOL & XMR Consolidate,New Crypto ZKP Commands Market Attention with Massive $5M Giveaway as SOL & XMR Consolidate,numbered duplicate with indexable base canonical,batch_3_duplicate_consolidation
https://bitcoininfonews.com/nyc-comptroller-rejects-bitcoin-bond-2/,https://bitcoininfonews.com/nyc-comptroller-rejects-bitcoin-bond/,NYC Comptroller Rejects Mayor's Bitcoin Bond Proposal,NYC Comptroller Blocks Mayor Adams’s Bitcoin Bond Proposal,numbered duplicate with indexable base canonical,batch_3_duplicate_consolidation
https://bitcoininfonews.com/optimism-op-token-unlock-april-2025-2/,https://bitcoininfonews.com/optimism-op-token-unlock-april-2025/,Optimism's April 2025 OP Token Unlock Scheduled,Optimism Schedules 81 Million OP Token Unlock for April 2025,numbered duplicate with indexable base canonical,batch_3_duplicate_consolidation
https://bitcoininfonews.com/paul-atkins-sec-chair-crypto-2/,https://bitcoininfonews.com/paul-atkins-sec-chair-crypto/,"Paul Atkins Appointed SEC Chair, Focuses on Crypto Regulation",Paul Atkins Appointed SEC Chairman Amid Crypto Regulatory Shifts,numbered duplicate with indexable base canonical,batch_3_duplicate_consolidation
https://bitcoininfonews.com/pi-coin-forecast-hyperliquid-analysis-and-blockdags-386m-presale-momentum-2/,https://bitcoininfonews.com/pi-coin-forecast-hyperliquid-analysis-and-blockdags-386m-presale-momentum/,"Pi Coin Forecast, Hyperliquid Analysis, and BlockDAG’s $386M Presale Momentum","Pi Coin Forecast, Hyperliquid Analysis, and BlockDAG’s $386M Presale Momentum",numbered duplicate with indexable base canonical,batch_3_duplicate_consolidation
https://bitcoininfonews.com/republic-europe-indirect-kraken-stake-2/,https://bitcoininfonews.com/republic-europe-indirect-kraken-stake/,Republic Europe Offers Indirect Kraken Stake Pre-IPO,Republic Europe Offers Indirect Kraken Stake Pre-IPO,numbered duplicate with indexable base canonical,batch_3_duplicate_consolidation
https://bitcoininfonews.com/republic-europe-indirect-kraken-stake-3/,https://bitcoininfonews.com/republic-europe-indirect-kraken-stake/,Republic Europe Offers Indirect Kraken Stake to Retail Investors,Republic Europe Offers Indirect Kraken Stake Pre-IPO,numbered duplicate with indexable base canonical,batch_3_duplicate_consolidation
https://bitcoininfonews.com/republic-europe-indirect-kraken-stake-4/,https://bitcoininfonews.com/republic-europe-indirect-kraken-stake/,Republic Europe Offers Indirect Kraken Stake to Retail Investors,Republic Europe Offers Indirect Kraken Stake Pre-IPO,numbered duplicate with indexable base canonical,batch_3_duplicate_consolidation
https://bitcoininfonews.com/republic-europe-indirect-kraken-stake-5/,https://bitcoininfonews.com/republic-europe-indirect-kraken-stake/,Republic Europe Proposes Indirect Kraken Stake Ahead Of IPO,Republic Europe Offers Indirect Kraken Stake Pre-IPO,numbered duplicate with indexable base canonical,batch_3_duplicate_consolidation
https://bitcoininfonews.com/republic-europe-kraken-equity-access-2/,https://bitcoininfonews.com/republic-europe-kraken-equity-access/,Republic Europe Opens SPV for Kraken Equity Access,Republic Europe Offers Retail Investors Access to Kraken Equity,numbered duplicate with indexable base canonical,batch_3_duplicate_consolidation
https://bitcoininfonews.com/republic-europe-kraken-equity-access-3/,https://bitcoininfonews.com/republic-europe-kraken-equity-access/,Republic Europe Launches SPV for Kraken Equity Exposure,Republic Europe Offers Retail Investors Access to Kraken Equity,numbered duplicate with indexable base canonical,batch_3_duplicate_consolidation
https://bitcoininfonews.com/republic-europe-kraken-equity-access-4/,https://bitcoininfonews.com/republic-europe-kraken-equity-access/,Republic Europe Enables Kraken Equity for Retail Investors,Republic Europe Offers Retail Investors Access to Kraken Equity,numbered duplicate with indexable base canonical,batch_3_duplicate_consolidation
https://bitcoininfonews.com/republic-europe-kraken-equity-access-5/,https://bitcoininfonews.com/republic-europe-kraken-equity-access/,Republic Europe Enables Indirect Kraken Equity Access,Republic Europe Offers Retail Investors Access to Kraken Equity,numbered duplicate with indexable base canonical,batch_3_duplicate_consolidation
https://bitcoininfonews.com/republic-europe-kraken-equity-access-6/,https://bitcoininfonews.com/republic-europe-kraken-equity-access/,Republic Europe Gives Retail Access to Kraken Equity Pre-IPO,Republic Europe Offers Retail Investors Access to Kraken Equity,numbered duplicate with indexable base canonical,batch_3_duplicate_consolidation
https://bitcoininfonews.com/republic-europe-kraken-equity-access-7/,https://bitcoininfonews.com/republic-europe-kraken-equity-access/,Republic Europe Launches SPV for European Kraken Equity Access,Republic Europe Offers Retail Investors Access to Kraken Equity,numbered duplicate with indexable base canonical,batch_3_duplicate_consolidation
https://bitcoininfonews.com/republic-europe-kraken-equity-access-8/,https://bitcoininfonews.com/republic-europe-kraken-equity-access/,Republic Europe Enables Retail Investors' Indirect Access to Kraken,Republic Europe Offers Retail Investors Access to Kraken Equity,numbered duplicate with indexable base canonical,batch_3_duplicate_consolidation
https://bitcoininfonews.com/republic-europe-kraken-equity-access-9/,https://bitcoininfonews.com/republic-europe-kraken-equity-access/,Republic Europe Offers Retail Access to Kraken Equity,Republic Europe Offers Retail Investors Access to Kraken Equity,numbered duplicate with indexable base canonical,batch_3_duplicate_consolidation
https://bitcoininfonews.com/republic-europe-kraken-equity-spv-10/,https://bitcoininfonews.com/republic-europe-kraken-equity-spv/,Republic Europe Offers Retail Access to Kraken Equity via SPV,Republic Europe Offers Indirect Kraken Stake Pre-IPO,numbered duplicate with indexable base canonical,batch_3_duplicate_consolidation
https://bitcoininfonews.com/republic-europe-kraken-equity-spv-11/,https://bitcoininfonews.com/republic-europe-kraken-equity-spv/,Republic Europe SPV Offers Access to Kraken Equity,Republic Europe Offers Indirect Kraken Stake Pre-IPO,numbered duplicate with indexable base canonical,batch_3_duplicate_consolidation
https://bitcoininfonews.com/republic-europe-kraken-equity-spv-12/,https://bitcoininfonews.com/republic-europe-kraken-equity-spv/,Republic Europe Offers Kraken Equity SPV to Retail Investors,Republic Europe Offers Indirect Kraken Stake Pre-IPO,numbered duplicate with indexable base canonical,batch_3_duplicate_consolidation
https://bitcoininfonews.com/republic-europe-kraken-equity-spv-2/,https://bitcoininfonews.com/republic-europe-kraken-equity-spv/,Republic Europe Offers SPV for Kraken Equity Before IPO,Republic Europe Offers Indirect Kraken Stake Pre-IPO,numbered duplicate with indexable base canonical,batch_3_duplicate_consolidation
https://bitcoininfonews.com/republic-europe-kraken-equity-spv-3/,https://bitcoininfonews.com/republic-europe-kraken-equity-spv/,Republic Europe Offers Indirect Kraken Equity Pre-IPO,Republic Europe Offers Indirect Kraken Stake Pre-IPO,numbered duplicate with indexable base canonical,batch_3_duplicate_consolidation
https://bitcoininfonews.com/republic-europe-kraken-equity-spv-4/,https://bitcoininfonews.com/republic-europe-kraken-equity-spv/,Republic Europe Launches SPV for Kraken Equity Access,Republic Europe Offers Indirect Kraken Stake Pre-IPO,numbered duplicate with indexable base canonical,batch_3_duplicate_consolidation
https://bitcoininfonews.com/republic-europe-kraken-equity-spv-5/,https://bitcoininfonews.com/republic-europe-kraken-equity-spv/,Republic Europe Offers Kraken Equity to Retail Investors via SPV,Republic Europe Offers Indirect Kraken Stake Pre-IPO,numbered duplicate with indexable base canonical,batch_3_duplicate_consolidation
https://bitcoininfonews.com/republic-europe-kraken-equity-spv-6/,https://bitcoininfonews.com/republic-europe-kraken-equity-spv/,Republic Europe Launches SPV for Kraken Equity Pre-IPO,Republic Europe Offers Indirect Kraken Stake Pre-IPO,numbered duplicate with indexable base canonical,batch_3_duplicate_consolidation
https://bitcoininfonews.com/republic-europe-kraken-equity-spv-7/,https://bitcoininfonews.com/republic-europe-kraken-equity-spv/,Republic Europe Launches SPV for Kraken Equity Exposure,Republic Europe Offers Indirect Kraken Stake Pre-IPO,numbered duplicate with indexable base canonical,batch_3_duplicate_consolidation
https://bitcoininfonews.com/republic-europe-kraken-equity-spv-8/,https://bitcoininfonews.com/republic-europe-kraken-equity-spv/,Republic Europe Launches SPV for Kraken Equity Pre-IPO,Republic Europe Offers Indirect Kraken Stake Pre-IPO,numbered duplicate with indexable base canonical,batch_3_duplicate_consolidation
https://bitcoininfonews.com/republic-europe-kraken-equity-spv-9/,https://bitcoininfonews.com/republic-europe-kraken-equity-spv/,Republic Europe Launches Kraken Equity SPV for Retail Investors,Republic Europe Offers Indirect Kraken Stake Pre-IPO,numbered duplicate with indexable base canonical,batch_3_duplicate_consolidation
https://bitcoininfonews.com/republic-europe-kraken-indirect-stake-2/,https://bitcoininfonews.com/republic-europe-kraken-indirect-stake/,Republic Europe Offers Indirect Stake in Kraken Pre-IPO,Republic Europe Offers Indirect Kraken Stake via SPV,numbered duplicate with indexable base canonical,batch_3_duplicate_consolidation
https://bitcoininfonews.com/republic-europe-kraken-indirect-stake-3/,https://bitcoininfonews.com/republic-europe-kraken-indirect-stake/,Republic Europe Offers Indirect Stake in Kraken Pre-IPO,Republic Europe Offers Indirect Kraken Stake via SPV,numbered duplicate with indexable base canonical,batch_3_duplicate_consolidation
https://bitcoininfonews.com/republic-europe-kraken-investment-2/,https://bitcoininfonews.com/republic-europe-kraken-investment/,Republic Europe Enables Retail Investment in Kraken Pre-IPO,Republic Europe Launches SPV for Retail Investment in Kraken,numbered duplicate with indexable base canonical,batch_3_duplicate_consolidation
https://bitcoininfonews.com/republic-europe-kraken-investment-3/,https://bitcoininfonews.com/republic-europe-kraken-investment/,Republic Europe Launches SPV for Kraken Investment,Republic Europe Launches SPV for Retail Investment in Kraken,numbered duplicate with indexable base canonical,batch_3_duplicate_consolidation
https://bitcoininfonews.com/republic-europe-kraken-investment-4/,https://bitcoininfonews.com/republic-europe-kraken-investment/,Republic Europe Opens Retail Investment in Kraken Pre-IPO,Republic Europe Launches SPV for Retail Investment in Kraken,numbered duplicate with indexable base canonical,batch_3_duplicate_consolidation
https://bitcoininfonews.com/republic-europe-kraken-investment-5/,https://bitcoininfonews.com/republic-europe-kraken-investment/,Republic Europe Speculated Involvement in Kraken Investment,Republic Europe Launches SPV for Retail Investment in Kraken,numbered duplicate with indexable base canonical,batch_3_duplicate_consolidation
https://bitcoininfonews.com/republic-europe-kraken-ipo-access-2/,https://bitcoininfonews.com/republic-europe-kraken-ipo-access/,Republic Europe SPV Offers Retail Access to Kraken IPO,Republic Europe Offers Kraken IPO Access to Retail Investors,numbered duplicate with indexable base canonical,batch_3_duplicate_consolidation
https://bitcoininfonews.com/republic-europe-kraken-ipo-access-3/,https://bitcoininfonews.com/republic-europe-kraken-ipo-access/,Republic Europe Presents SPV for Kraken's Upcoming IPO Access,Republic Europe Offers Kraken IPO Access to Retail Investors,numbered duplicate with indexable base canonical,batch_3_duplicate_consolidation
https://bitcoininfonews.com/republic-europe-kraken-ipo-access-4/,https://bitcoininfonews.com/republic-europe-kraken-ipo-access/,Republic Europe Launches SPV for Kraken IPO Access,Republic Europe Offers Kraken IPO Access to Retail Investors,numbered duplicate with indexable base canonical,batch_3_duplicate_consolidation
https://bitcoininfonews.com/republic-europe-kraken-ipo-access-5/,https://bitcoininfonews.com/republic-europe-kraken-ipo-access/,Republic Europe Allows Retail Access to Kraken Pre-IPO,Republic Europe Offers Kraken IPO Access to Retail Investors,numbered duplicate with indexable base canonical,batch_3_duplicate_consolidation
https://bitcoininfonews.com/republic-europe-kraken-ipo-access-6/,https://bitcoininfonews.com/republic-europe-kraken-ipo-access/,Republic Europe Launches SPV for Kraken's IPO Access,Republic Europe Offers Kraken IPO Access to Retail Investors,numbered duplicate with indexable base canonical,batch_3_duplicate_consolidation
https://bitcoininfonews.com/republic-europe-kraken-ipo-access-7/,https://bitcoininfonews.com/republic-europe-kraken-ipo-access/,Republic Europe Launches SPV for Kraken IPO Access,Republic Europe Offers Kraken IPO Access to Retail Investors,numbered duplicate with indexable base canonical,batch_3_duplicate_consolidation
https://bitcoininfonews.com/republic-europe-kraken-ipo-access-8/,https://bitcoininfonews.com/republic-europe-kraken-ipo-access/,Republic Europe Offers Indirect Access to Kraken IPO,Republic Europe Offers Kraken IPO Access to Retail Investors,numbered duplicate with indexable base canonical,batch_3_duplicate_consolidation
https://bitcoininfonews.com/republic-europe-kraken-ipo-access-9/,https://bitcoininfonews.com/republic-europe-kraken-ipo-access/,Republic Europe Considers Retail Access to Kraken IPO,Republic Europe Offers Kraken IPO Access to Retail Investors,numbered duplicate with indexable base canonical,batch_3_duplicate_consolidation
https://bitcoininfonews.com/republic-europe-kraken-ipo-investment-2/,https://bitcoininfonews.com/republic-europe-kraken-ipo-investment/,Republic Europe Offers Indirect Stake in Kraken IPO,Republic Europe Offers Retail Investors Access to Kraken IPO,numbered duplicate with indexable base canonical,batch_3_duplicate_consolidation
https://bitcoininfonews.com/republic-europe-kraken-ipo-investment-3/,https://bitcoininfonews.com/republic-europe-kraken-ipo-investment/,Republic Europe Launches SPV for Kraken IPO Stake,Republic Europe Offers Retail Investors Access to Kraken IPO,numbered duplicate with indexable base canonical,batch_3_duplicate_consolidation
https://bitcoininfonews.com/republic-europe-kraken-ipo-investment-4/,https://bitcoininfonews.com/republic-europe-kraken-ipo-investment/,Retail Investors Access Kraken Equity via Republic Europe's SPV,Republic Europe Offers Retail Investors Access to Kraken IPO,numbered duplicate with indexable base canonical,batch_3_duplicate_consolidation
https://bitcoininfonews.com/republic-europe-kraken-ipo-investment-5/,https://bitcoininfonews.com/republic-europe-kraken-ipo-investment/,Republic Europe Launches SPV for Kraken Pre-IPO Investment,Republic Europe Offers Retail Investors Access to Kraken IPO,numbered duplicate with indexable base canonical,batch_3_duplicate_consolidation
https://bitcoininfonews.com/republic-europe-kraken-ipo-investment-6/,https://bitcoininfonews.com/republic-europe-kraken-ipo-investment/,Republic Europe Offers Indirect Kraken Investment Pre-IPO,Republic Europe Offers Retail Investors Access to Kraken IPO,numbered duplicate with indexable base canonical,batch_3_duplicate_consolidation
https://bitcoininfonews.com/republic-europe-kraken-ipo-investment-7/,https://bitcoininfonews.com/republic-europe-kraken-ipo-investment/,Republic Europe Offers Indirect Kraken Stake Pre-IPO,Republic Europe Offers Retail Investors Access to Kraken IPO,numbered duplicate with indexable base canonical,batch_3_duplicate_consolidation
https://bitcoininfonews.com/republic-europe-kraken-ipo-spv-10/,https://bitcoininfonews.com/republic-europe-kraken-ipo-spv/,Republic Europe Launches SPV for Kraken IPO Access,Republic Europe Launches SPV for Kraken IPO Participation,numbered duplicate with indexable base canonical,batch_3_duplicate_consolidation
https://bitcoininfonews.com/republic-europe-kraken-ipo-spv-11/,https://bitcoininfonews.com/republic-europe-kraken-ipo-spv/,Republic Europe Unveils SPV for Kraken IPO Access,Republic Europe Launches SPV for Kraken IPO Participation,numbered duplicate with indexable base canonical,batch_3_duplicate_consolidation
https://bitcoininfonews.com/republic-europe-kraken-ipo-spv-12/,https://bitcoininfonews.com/republic-europe-kraken-ipo-spv/,Republic Europe Launches SPV for Kraken IPO Access,Republic Europe Launches SPV for Kraken IPO Participation,numbered duplicate with indexable base canonical,batch_3_duplicate_consolidation
https://bitcoininfonews.com/republic-europe-kraken-ipo-spv-13/,https://bitcoininfonews.com/republic-europe-kraken-ipo-spv/,Republic Europe Announces SPV for Kraken IPO Access,Republic Europe Launches SPV for Kraken IPO Participation,numbered duplicate with indexable base canonical,batch_3_duplicate_consolidation
https://bitcoininfonews.com/republic-europe-kraken-ipo-spv-14/,https://bitcoininfonews.com/republic-europe-kraken-ipo-spv/,Republic Europe Offers Retail Access to Kraken SPV,Republic Europe Launches SPV for Kraken IPO Participation,numbered duplicate with indexable base canonical,batch_3_duplicate_consolidation
https://bitcoininfonews.com/republic-europe-kraken-ipo-spv-15/,https://bitcoininfonews.com/republic-europe-kraken-ipo-spv/,Republic Europe Opens SPV for Kraken Ahead of IPO,Republic Europe Launches SPV for Kraken IPO Participation,numbered duplicate with indexable base canonical,batch_3_duplicate_consolidation
https://bitcoininfonews.com/republic-europe-kraken-ipo-spv-16/,https://bitcoininfonews.com/republic-europe-kraken-ipo-spv/,Republic Europe Plans SPV for Kraken IPO Stake Offering,Republic Europe Launches SPV for Kraken IPO Participation,numbered duplicate with indexable base canonical,batch_3_duplicate_consolidation
https://bitcoininfonews.com/republic-europe-kraken-ipo-spv-2/,https://bitcoininfonews.com/republic-europe-kraken-ipo-spv/,Republic Europe Launches SPV for Kraken IPO Entry,Republic Europe Launches SPV for Kraken IPO Participation,numbered duplicate with indexable base canonical,batch_3_duplicate_consolidation
https://bitcoininfonews.com/republic-europe-kraken-ipo-spv-3/,https://bitcoininfonews.com/republic-europe-kraken-ipo-spv/,Republic Europe Launches SPV for Kraken IPO Access,Republic Europe Launches SPV for Kraken IPO Participation,numbered duplicate with indexable base canonical,batch_3_duplicate_consolidation
https://bitcoininfonews.com/republic-europe-kraken-ipo-spv-4/,https://bitcoininfonews.com/republic-europe-kraken-ipo-spv/,Republic Europe Launches SPV for Kraken's IPO,Republic Europe Launches SPV for Kraken IPO Participation,numbered duplicate with indexable base canonical,batch_3_duplicate_consolidation
https://bitcoininfonews.com/republic-europe-kraken-ipo-spv-5/,https://bitcoininfonews.com/republic-europe-kraken-ipo-spv/,Republic Europe Launches SPV for Kraken’s Upcoming IPO,Republic Europe Launches SPV for Kraken IPO Participation,numbered duplicate with indexable base canonical,batch_3_duplicate_consolidation
https://bitcoininfonews.com/republic-europe-kraken-ipo-spv-6/,https://bitcoininfonews.com/republic-europe-kraken-ipo-spv/,Republic Europe Launches SPV for Kraken IPO Stake,Republic Europe Launches SPV for Kraken IPO Participation,numbered duplicate with indexable base canonical,batch_3_duplicate_consolidation
https://bitcoininfonews.com/republic-europe-kraken-ipo-spv-7/,https://bitcoininfonews.com/republic-europe-kraken-ipo-spv/,Republic Europe Offers Indirect Stake in Kraken Before IPO,Republic Europe Launches SPV for Kraken IPO Participation,numbered duplicate with indexable base canonical,batch_3_duplicate_consolidation
https://bitcoininfonews.com/republic-europe-kraken-ipo-spv-8/,https://bitcoininfonews.com/republic-europe-kraken-ipo-spv/,Republic Europe Offers SPV for Kraken IPO Investment,Republic Europe Launches SPV for Kraken IPO Participation,numbered duplicate with indexable base canonical,batch_3_duplicate_consolidation
https://bitcoininfonews.com/republic-europe-kraken-ipo-spv-9/,https://bitcoininfonews.com/republic-europe-kraken-ipo-spv/,Republic Europe Launches SPV for Kraken IPO Exposure,Republic Europe Launches SPV for Kraken IPO Participation,numbered duplicate with indexable base canonical,batch_3_duplicate_consolidation
https://bitcoininfonews.com/republic-europe-kraken-ipo-stake-2/,https://bitcoininfonews.com/republic-europe-kraken-ipo-stake/,Republic Europe Plans Indirect Stake in Kraken Pre-IPO,Republic Europe Launches SPV for Kraken Pre-IPO Stake,numbered duplicate with indexable base canonical,batch_3_duplicate_consolidation
https://bitcoininfonews.com/republic-europe-kraken-ipo-stake-3/,https://bitcoininfonews.com/republic-europe-kraken-ipo-stake/,Republic Europe Offers Indirect Stake in Kraken IPO,Republic Europe Launches SPV for Kraken Pre-IPO Stake,numbered duplicate with indexable base canonical,batch_3_duplicate_consolidation
https://bitcoininfonews.com/republic-europe-kraken-ipo-stake-4/,https://bitcoininfonews.com/republic-europe-kraken-ipo-stake/,Republic Europe Offers Indirect Stake in Kraken Before IPO,Republic Europe Launches SPV for Kraken Pre-IPO Stake,numbered duplicate with indexable base canonical,batch_3_duplicate_consolidation
https://bitcoininfonews.com/republic-europe-kraken-ipo-stake-5/,https://bitcoininfonews.com/republic-europe-kraken-ipo-stake/,Republic Europe Offers Indirect Kraken Stake Before 2026 IPO,Republic Europe Launches SPV for Kraken Pre-IPO Stake,numbered duplicate with indexable base canonical,batch_3_duplicate_consolidation
https://bitcoininfonews.com/republic-europe-kraken-ipo-stake-6/,https://bitcoininfonews.com/republic-europe-kraken-ipo-stake/,Republic Europe Allegedly Offers Indirect Kraken IPO Stake,Republic Europe Launches SPV for Kraken Pre-IPO Stake,numbered duplicate with indexable base canonical,batch_3_duplicate_consolidation
https://bitcoininfonews.com/republic-europe-kraken-ipo-stake-7/,https://bitcoininfonews.com/republic-europe-kraken-ipo-stake/,Republic Europe Offers Kraken Stake Ahead of 2026 IPO,Republic Europe Launches SPV for Kraken Pre-IPO Stake,numbered duplicate with indexable base canonical,batch_3_duplicate_consolidation
https://bitcoininfonews.com/republic-europe-kraken-pre-ipo-access-2/,https://bitcoininfonews.com/republic-europe-kraken-pre-ipo-access/,Republic Europe SPV Offers Retail Access to Kraken Pre-IPO,Republic Europe Offers Unique Access to Kraken Pre-IPO,numbered duplicate with indexable base canonical,batch_3_duplicate_consolidation
https://bitcoininfonews.com/republic-europe-kraken-pre-ipo-access-3/,https://bitcoininfonews.com/republic-europe-kraken-pre-ipo-access/,Republic Europe Launches SPV for Kraken's Pre-IPO Access,Republic Europe Offers Unique Access to Kraken Pre-IPO,numbered duplicate with indexable base canonical,batch_3_duplicate_consolidation
https://bitcoininfonews.com/republic-europe-kraken-pre-ipo-access-4/,https://bitcoininfonews.com/republic-europe-kraken-pre-ipo-access/,Republic Europe Offers Retail Investors Access to Kraken Pre-IPO,Republic Europe Offers Unique Access to Kraken Pre-IPO,numbered duplicate with indexable base canonical,batch_3_duplicate_consolidation
https://bitcoininfonews.com/republic-europe-kraken-pre-ipo-spv-2/,https://bitcoininfonews.com/republic-europe-kraken-pre-ipo-spv/,Republic Europe Launches SPV for Kraken Pre-IPO Investment,Republic Europe Launches SPV for Kraken Pre-IPO Investment,numbered duplicate with indexable base canonical,batch_3_duplicate_consolidation
https://bitcoininfonews.com/republic-europe-kraken-pre-ipo-spv-3/,https://bitcoininfonews.com/republic-europe-kraken-pre-ipo-spv/,Republic Europe Launches SPV For Kraken Pre-IPO Investment,Republic Europe Launches SPV for Kraken Pre-IPO Investment,numbered duplicate with indexable base canonical,batch_3_duplicate_consolidation
https://bitcoininfonews.com/republic-europe-kraken-pre-ipo-2/,https://bitcoininfonews.com/republic-europe-kraken-pre-ipo/,Republic Europe Offers Indirect Equity in Kraken Pre-IPO,Republic Europe Offers Retail Stake in Kraken Pre-IPO,numbered duplicate with indexable base canonical,batch_3_duplicate_consolidation
https://bitcoininfonews.com/republic-europe-kraken-pre-ipo-3/,https://bitcoininfonews.com/republic-europe-kraken-pre-ipo/,Republic Europe Reportedly Offers Indirect Kraken Shares Pre-IPO,Republic Europe Offers Retail Stake in Kraken Pre-IPO,numbered duplicate with indexable base canonical,batch_3_duplicate_consolidation
https://bitcoininfonews.com/republic-europe-kraken-spv-investment-2/,https://bitcoininfonews.com/republic-europe-kraken-spv-investment/,Republic Europe SPV Opens Investment in Kraken Pre-IPO,Republic Europe Opens SPV for Kraken Pre-IPO Investment,numbered duplicate with indexable base canonical,batch_3_duplicate_consolidation
https://bitcoininfonews.com/republic-europe-kraken-spv-investment-3/,https://bitcoininfonews.com/republic-europe-kraken-spv-investment/,Republic Europe SPV Offers Indirect Kraken Stake,Republic Europe Opens SPV for Kraken Pre-IPO Investment,numbered duplicate with indexable base canonical,batch_3_duplicate_consolidation
https://bitcoininfonews.com/republic-europe-kraken-spv-investment-4/,https://bitcoininfonews.com/republic-europe-kraken-spv-investment/,Republic Europe Offers Indirect Kraken Stake Ahead of IPO,Republic Europe Opens SPV for Kraken Pre-IPO Investment,numbered duplicate with indexable base canonical,batch_3_duplicate_consolidation
https://bitcoininfonews.com/republic-europe-kraken-spv-investors-2/,https://bitcoininfonews.com/republic-europe-kraken-spv-investors/,Republic Europe Opens Kraken SPV for Retail Investors,Republic Europe Offers Kraken SPV to European Investors,numbered duplicate with indexable base canonical,batch_3_duplicate_consolidation
https://bitcoininfonews.com/republic-europe-kraken-spv-ipo-10/,https://bitcoininfonews.com/republic-europe-kraken-spv-ipo/,Republic Europe Launches SPV for Kraken Equity Access,Republic Europe Introduces SPV for Kraken IPO Access,numbered duplicate with indexable base canonical,batch_3_duplicate_consolidation
https://bitcoininfonews.com/republic-europe-kraken-spv-ipo-11/,https://bitcoininfonews.com/republic-europe-kraken-spv-ipo/,Republic Europe Offers Indirect Kraken Stake Pre-IPO,Republic Europe Introduces SPV for Kraken IPO Access,numbered duplicate with indexable base canonical,batch_3_duplicate_consolidation
https://bitcoininfonews.com/republic-europe-kraken-spv-ipo-12/,https://bitcoininfonews.com/republic-europe-kraken-spv-ipo/,Republic Europe Launches SPV for Kraken Equity Ahead of IPO,Republic Europe Introduces SPV for Kraken IPO Access,numbered duplicate with indexable base canonical,batch_3_duplicate_consolidation
https://bitcoininfonews.com/republic-europe-kraken-spv-ipo-13/,https://bitcoininfonews.com/republic-europe-kraken-spv-ipo/,Republic Europe Reportedly Offers Indirect Kraken Stake Pre-IPO,Republic Europe Introduces SPV for Kraken IPO Access,numbered duplicate with indexable base canonical,batch_3_duplicate_consolidation
https://bitcoininfonews.com/republic-europe-kraken-spv-ipo-2/,https://bitcoininfonews.com/republic-europe-kraken-spv-ipo/,Republic Europe Launches SPV for Kraken Pre-IPO Investment,Republic Europe Introduces SPV for Kraken IPO Access,numbered duplicate with indexable base canonical,batch_3_duplicate_consolidation
https://bitcoininfonews.com/republic-europe-kraken-spv-ipo-3/,https://bitcoininfonews.com/republic-europe-kraken-spv-ipo/,Republic Europe Launches SPV for Kraken IPO Investment,Republic Europe Introduces SPV for Kraken IPO Access,numbered duplicate with indexable base canonical,batch_3_duplicate_consolidation
https://bitcoininfonews.com/republic-europe-kraken-spv-ipo-4/,https://bitcoininfonews.com/republic-europe-kraken-spv-ipo/,Republic Europe Offers Indirect Kraken Stake Pre-IPO,Republic Europe Introduces SPV for Kraken IPO Access,numbered duplicate with indexable base canonical,batch_3_duplicate_consolidation
https://bitcoininfonews.com/republic-europe-kraken-spv-ipo-5/,https://bitcoininfonews.com/republic-europe-kraken-spv-ipo/,Republic Europe Launches SPV for Kraken Equity,Republic Europe Introduces SPV for Kraken IPO Access,numbered duplicate with indexable base canonical,batch_3_duplicate_consolidation
https://bitcoininfonews.com/republic-europe-kraken-spv-ipo-6/,https://bitcoininfonews.com/republic-europe-kraken-spv-ipo/,Republic Europe Launches SPV for Kraken IPO Access,Republic Europe Introduces SPV for Kraken IPO Access,numbered duplicate with indexable base canonical,batch_3_duplicate_consolidation
https://bitcoininfonews.com/republic-europe-kraken-spv-ipo-7/,https://bitcoininfonews.com/republic-europe-kraken-spv-ipo/,Republic Europe Offers Indirect Kraken Stake Pre-IPO,Republic Europe Introduces SPV for Kraken IPO Access,numbered duplicate with indexable base canonical,batch_3_duplicate_consolidation
https://bitcoininfonews.com/republic-europe-kraken-spv-ipo-8/,https://bitcoininfonews.com/republic-europe-kraken-spv-ipo/,Republic Europe Launches SPV for Kraken Investments,Republic Europe Introduces SPV for Kraken IPO Access,numbered duplicate with indexable base canonical,batch_3_duplicate_consolidation
https://bitcoininfonews.com/republic-europe-kraken-spv-ipo-9/,https://bitcoininfonews.com/republic-europe-kraken-spv-ipo/,Republic Europe Opens Kraken Investment Through SPV Before IPO,Republic Europe Introduces SPV for Kraken IPO Access,numbered duplicate with indexable base canonical,batch_3_duplicate_consolidation
https://bitcoininfonews.com/republic-europe-kraken-spv-launch-10/,https://bitcoininfonews.com/republic-europe-kraken-spv-launch/,Republic Europe Introduces SPV for Kraken Pre-IPO Equity,Republic Europe SPV Opens Kraken Access for Retail Investors,numbered duplicate with indexable base canonical,batch_3_duplicate_consolidation
https://bitcoininfonews.com/republic-europe-kraken-spv-launch-11/,https://bitcoininfonews.com/republic-europe-kraken-spv-launch/,Republic Europe Launches SPV for Kraken Equity Access,Republic Europe SPV Opens Kraken Access for Retail Investors,numbered duplicate with indexable base canonical,batch_3_duplicate_consolidation
https://bitcoininfonews.com/republic-europe-kraken-spv-launch-12/,https://bitcoininfonews.com/republic-europe-kraken-spv-launch/,Republic Europe Unveils Kraken SPV for Retail Investors,Republic Europe SPV Opens Kraken Access for Retail Investors,numbered duplicate with indexable base canonical,batch_3_duplicate_consolidation
https://bitcoininfonews.com/republic-europe-kraken-spv-launch-13/,https://bitcoininfonews.com/republic-europe-kraken-spv-launch/,Republic Europe Launches SPV for Retail Kraken Access,Republic Europe SPV Opens Kraken Access for Retail Investors,numbered duplicate with indexable base canonical,batch_3_duplicate_consolidation
https://bitcoininfonews.com/republic-europe-kraken-spv-launch-14/,https://bitcoininfonews.com/republic-europe-kraken-spv-launch/,Republic Europe Introduces SPV for Kraken's Pre-IPO Access,Republic Europe SPV Opens Kraken Access for Retail Investors,numbered duplicate with indexable base canonical,batch_3_duplicate_consolidation
https://bitcoininfonews.com/republic-europe-kraken-spv-launch-15/,https://bitcoininfonews.com/republic-europe-kraken-spv-launch/,Republic Europe Launches Kraken SPV for Retail Investors,Republic Europe SPV Opens Kraken Access for Retail Investors,numbered duplicate with indexable base canonical,batch_3_duplicate_consolidation
https://bitcoininfonews.com/republic-europe-kraken-spv-launch-16/,https://bitcoininfonews.com/republic-europe-kraken-spv-launch/,Republic Europe Launches SPV for Kraken Pre-IPO Investment,Republic Europe SPV Opens Kraken Access for Retail Investors,numbered duplicate with indexable base canonical,batch_3_duplicate_consolidation
https://bitcoininfonews.com/republic-europe-kraken-spv-launch-17/,https://bitcoininfonews.com/republic-europe-kraken-spv-launch/,Republic Europe Launches SPV for Kraken Pre-IPO,Republic Europe SPV Opens Kraken Access for Retail Investors,numbered duplicate with indexable base canonical,batch_3_duplicate_consolidation
https://bitcoininfonews.com/republic-europe-kraken-spv-launch-2/,https://bitcoininfonews.com/republic-europe-kraken-spv-launch/,Republic Europe Launches SPV for Retail Access to Kraken,Republic Europe SPV Opens Kraken Access for Retail Investors,numbered duplicate with indexable base canonical,batch_3_duplicate_consolidation
https://bitcoininfonews.com/republic-europe-kraken-spv-launch-3/,https://bitcoininfonews.com/republic-europe-kraken-spv-launch/,Republic Europe Launches SPV Offering Stake in Kraken Pre-IPO,Republic Europe SPV Opens Kraken Access for Retail Investors,numbered duplicate with indexable base canonical,batch_3_duplicate_consolidation
https://bitcoininfonews.com/republic-europe-kraken-spv-launch-4/,https://bitcoininfonews.com/republic-europe-kraken-spv-launch/,Republic Europe Launches SPV for Kraken Pre-IPO Access,Republic Europe SPV Opens Kraken Access for Retail Investors,numbered duplicate with indexable base canonical,batch_3_duplicate_consolidation
https://bitcoininfonews.com/republic-europe-kraken-spv-launch-5/,https://bitcoininfonews.com/republic-europe-kraken-spv-launch/,Republic Europe Opens SPV for Kraken Equity Pre-IPO,Republic Europe SPV Opens Kraken Access for Retail Investors,numbered duplicate with indexable base canonical,batch_3_duplicate_consolidation
https://bitcoininfonews.com/republic-europe-kraken-spv-launch-6/,https://bitcoininfonews.com/republic-europe-kraken-spv-launch/,Republic Europe Launches SPV for Retail Investors in Kraken,Republic Europe SPV Opens Kraken Access for Retail Investors,numbered duplicate with indexable base canonical,batch_3_duplicate_consolidation
https://bitcoininfonews.com/republic-europe-kraken-spv-launch-7/,https://bitcoininfonews.com/republic-europe-kraken-spv-launch/,Republic Europe Launches SPV for Kraken Stake Pre-IPO,Republic Europe SPV Opens Kraken Access for Retail Investors,numbered duplicate with indexable base canonical,batch_3_duplicate_consolidation
https://bitcoininfonews.com/republic-europe-kraken-spv-launch-8/,https://bitcoininfonews.com/republic-europe-kraken-spv-launch/,Republic Europe Launches SPV for Kraken Equity Access,Republic Europe SPV Opens Kraken Access for Retail Investors,numbered duplicate with indexable base canonical,batch_3_duplicate_consolidation
https://bitcoininfonews.com/republic-europe-kraken-spv-launch-9/,https://bitcoininfonews.com/republic-europe-kraken-spv-launch/,Republic Europe Launches SPV for Indirect Kraken Equity,Republic Europe SPV Opens Kraken Access for Retail Investors,numbered duplicate with indexable base canonical,batch_3_duplicate_consolidation
https://bitcoininfonews.com/republic-europe-kraken-spv-2/,https://bitcoininfonews.com/republic-europe-kraken-spv/,Republic Europe Launches SPV for Kraken IPO Access,Republic Europe Offers Retail Investors Indirect Exposure to Kraken,numbered duplicate with indexable base canonical,batch_3_duplicate_consolidation
https://bitcoininfonews.com/republic-europe-kraken-spv-3/,https://bitcoininfonews.com/republic-europe-kraken-spv/,Republic Europe Offers Retail Stake in Kraken Pre-IPO,Republic Europe Offers Retail Investors Indirect Exposure to Kraken,numbered duplicate with indexable base canonical,batch_3_duplicate_consolidation
https://bitcoininfonews.com/republic-europe-kraken-spv-4/,https://bitcoininfonews.com/republic-europe-kraken-spv/,Republic Europe SPV Offers Retail Access to Kraken Equity,Republic Europe Offers Retail Investors Indirect Exposure to Kraken,numbered duplicate with indexable base canonical,batch_3_duplicate_consolidation
https://bitcoininfonews.com/republic-europe-kraken-spv-5/,https://bitcoininfonews.com/republic-europe-kraken-spv/,Republic Europe Launches SPV for Kraken's Pre-IPO Access,Republic Europe Offers Retail Investors Indirect Exposure to Kraken,numbered duplicate with indexable base canonical,batch_3_duplicate_consolidation
https://bitcoininfonews.com/republic-europe-kraken-spv-6/,https://bitcoininfonews.com/republic-europe-kraken-spv/,Republic Europe Offers Retail Stake in Kraken Pre-IPO,Republic Europe Offers Retail Investors Indirect Exposure to Kraken,numbered duplicate with indexable base canonical,batch_3_duplicate_consolidation
https://bitcoininfonews.com/republic-europe-kraken-spv-7/,https://bitcoininfonews.com/republic-europe-kraken-spv/,Republic Europe Launches SPV for Kraken Pre-IPO Stake,Republic Europe Offers Retail Investors Indirect Exposure to Kraken,numbered duplicate with indexable base canonical,batch_3_duplicate_consolidation
https://bitcoininfonews.com/republic-europe-kraken-spv-8/,https://bitcoininfonews.com/republic-europe-kraken-spv/,Republic Europe Offers SPV for Kraken Pre-IPO Stake,Republic Europe Offers Retail Investors Indirect Exposure to Kraken,numbered duplicate with indexable base canonical,batch_3_duplicate_consolidation
https://bitcoininfonews.com/republic-europe-kraken-spv-9/,https://bitcoininfonews.com/republic-europe-kraken-spv/,Republic Europe Opens Kraken SPV for European Investors,Republic Europe Offers Retail Investors Indirect Exposure to Kraken,numbered duplicate with indexable base canonical,batch_3_duplicate_consolidation
https://bitcoininfonews.com/republic-europe-kraken-stake-ipo-2/,https://bitcoininfonews.com/republic-europe-kraken-stake-ipo/,Republic Europe Offers Indirect Kraken Stake Pre-IPO,Republic Europe Offers Indirect Stake in Kraken Pre-IPO,numbered duplicate with indexable base canonical,batch_3_duplicate_consolidation
https://bitcoininfonews.com/republic-europe-kraken-stake-ipo-3/,https://bitcoininfonews.com/republic-europe-kraken-stake-ipo/,Republic Europe Offers Indirect Stake in Kraken Pre-IPO,Republic Europe Offers Indirect Stake in Kraken Pre-IPO,numbered duplicate with indexable base canonical,batch_3_duplicate_consolidation
https://bitcoininfonews.com/republic-europe-kraken-stake-ipo-4/,https://bitcoininfonews.com/republic-europe-kraken-stake-ipo/,Republic Europe Opens Indirect Kraken Stake Pre-IPO,Republic Europe Offers Indirect Stake in Kraken Pre-IPO,numbered duplicate with indexable base canonical,batch_3_duplicate_consolidation
https://bitcoininfonews.com/republic-europe-kraken-stake-ipo-5/,https://bitcoininfonews.com/republic-europe-kraken-stake-ipo/,Republic Europe Offers Retail Stake in Kraken Pre-IPO,Republic Europe Offers Indirect Stake in Kraken Pre-IPO,numbered duplicate with indexable base canonical,batch_3_duplicate_consolidation
https://bitcoininfonews.com/republic-europe-kraken-stake-ipo-6/,https://bitcoininfonews.com/republic-europe-kraken-stake-ipo/,Republic Europe Offers Indirect Kraken Stake Prior to IPO,Republic Europe Offers Indirect Stake in Kraken Pre-IPO,numbered duplicate with indexable base canonical,batch_3_duplicate_consolidation
https://bitcoininfonews.com/republic-europe-kraken-stake-ipo-7/,https://bitcoininfonews.com/republic-europe-kraken-stake-ipo/,Republic Europe Offers Indirect Kraken Stake Before IPO,Republic Europe Offers Indirect Stake in Kraken Pre-IPO,numbered duplicate with indexable base canonical,batch_3_duplicate_consolidation
https://bitcoininfonews.com/republic-europe-kraken-stake-ipo-8/,https://bitcoininfonews.com/republic-europe-kraken-stake-ipo/,Republic Europe Allegedly Offers Indirect Kraken Stake Pre-IPO,Republic Europe Offers Indirect Stake in Kraken Pre-IPO,numbered duplicate with indexable base canonical,batch_3_duplicate_consolidation
https://bitcoininfonews.com/republic-europe-kraken-stake-ipo-9/,https://bitcoininfonews.com/republic-europe-kraken-stake-ipo/,Republic Europe Offers Indirect Kraken Stake Before IPO,Republic Europe Offers Indirect Stake in Kraken Pre-IPO,numbered duplicate with indexable base canonical,batch_3_duplicate_consolidation
https://bitcoininfonews.com/republic-europe-kraken-stake-offer-2/,https://bitcoininfonews.com/republic-europe-kraken-stake-offer/,Republic Europe Reportedly Offers Indirect Kraken Stake Pre-IPO,Kraken Stake Offer by Republic Europe Lacks Official Confirmation,numbered duplicate with indexable base canonical,batch_3_duplicate_consolidation
https://bitcoininfonews.com/republic-europe-kraken-stake-pre-ipo-2/,https://bitcoininfonews.com/republic-europe-kraken-stake-pre-ipo/,Republic Europe Offers Indirect Kraken Stake Pre-IPO,Republic Europe Offers Indirect Kraken Stake Pre-IPO,numbered duplicate with indexable base canonical,batch_3_duplicate_consolidation
https://bitcoininfonews.com/republic-europe-kraken-stake-2/,https://bitcoininfonews.com/republic-europe-kraken-stake/,Republic Europe Allegedly Offers Kraken Stake Pre-IPO,Retail Investors Offered Stake in Kraken via Republic Europe Venture,numbered duplicate with indexable base canonical,batch_3_duplicate_consolidation
https://bitcoininfonews.com/republic-europe-kraken-stake-3/,https://bitcoininfonews.com/republic-europe-kraken-stake/,Republic Europe’s SPV Offers Kraken Stake Pre-IPO,Retail Investors Offered Stake in Kraken via Republic Europe Venture,numbered duplicate with indexable base canonical,batch_3_duplicate_consolidation
https://bitcoininfonews.com/republic-europe-kraken-stake-4/,https://bitcoininfonews.com/republic-europe-kraken-stake/,Republic Europe Offers Indirect Stake in Kraken Pre-IPO,Retail Investors Offered Stake in Kraken via Republic Europe Venture,numbered duplicate with indexable base canonical,batch_3_duplicate_consolidation
https://bitcoininfonews.com/republic-europe-kraken-stake-5/,https://bitcoininfonews.com/republic-europe-kraken-stake/,Republic Europe Speculates on Indirect Kraken Stake Pre-IPO,Retail Investors Offered Stake in Kraken via Republic Europe Venture,numbered duplicate with indexable base canonical,batch_3_duplicate_consolidation
https://bitcoininfonews.com/republic-europe-spv-kraken-equity-2/,https://bitcoininfonews.com/republic-europe-spv-kraken-equity/,Republic Europe Offers SPV for Kraken's Equity Pre-IPO,Republic Europe Launches SPV for Kraken Equity Exposure,numbered duplicate with indexable base canonical,batch_3_duplicate_consolidation
https://bitcoininfonews.com/republic-europe-spv-kraken-equity-3/,https://bitcoininfonews.com/republic-europe-spv-kraken-equity/,Republic Europe Offers SPV for Kraken Equity Pre-IPO,Republic Europe Launches SPV for Kraken Equity Exposure,numbered duplicate with indexable base canonical,batch_3_duplicate_consolidation
https://bitcoininfonews.com/republic-europe-spv-kraken-equity-4/,https://bitcoininfonews.com/republic-europe-spv-kraken-equity/,Republic Europe Launches SPV for Kraken Pre-IPO Equity,Republic Europe Launches SPV for Kraken Equity Exposure,numbered duplicate with indexable base canonical,batch_3_duplicate_consolidation
https://bitcoininfonews.com/republic-europe-spv-kraken-equity-5/,https://bitcoininfonews.com/republic-europe-spv-kraken-equity/,Republic Europe Launches SPV for Kraken Equity Access,Republic Europe Launches SPV for Kraken Equity Exposure,numbered duplicate with indexable base canonical,batch_3_duplicate_consolidation
https://bitcoininfonews.com/republic-europe-spv-kraken-equity-6/,https://bitcoininfonews.com/republic-europe-spv-kraken-equity/,Republic Europe Launches SPV for Kraken Pre-IPO Equity,Republic Europe Launches SPV for Kraken Equity Exposure,numbered duplicate with indexable base canonical,batch_3_duplicate_consolidation
https://bitcoininfonews.com/republic-europe-spv-kraken-investment-2/,https://bitcoininfonews.com/republic-europe-spv-kraken-investment/,Republic Europe Launches SPV for Kraken Equity Exposure,Republic Europe Launches SPV for Kraken Investment,numbered duplicate with indexable base canonical,batch_3_duplicate_consolidation
https://bitcoininfonews.com/republic-europe-spv-kraken-ipo-2/,https://bitcoininfonews.com/republic-europe-spv-kraken-ipo/,Republic Europe Launches SPV for Kraken Pre-IPO Stake,Republic Europe Launches SPV for Kraken Pre-IPO Investment,numbered duplicate with indexable base canonical,batch_3_duplicate_consolidation
https://bitcoininfonews.com/republic-europe-spv-kraken-ipo-3/,https://bitcoininfonews.com/republic-europe-spv-kraken-ipo/,Republic Europe Launches SPV for Kraken IPO Access,Republic Europe Launches SPV for Kraken Pre-IPO Investment,numbered duplicate with indexable base canonical,batch_3_duplicate_consolidation
https://bitcoininfonews.com/republic-europe-spv-kraken-ipo-4/,https://bitcoininfonews.com/republic-europe-spv-kraken-ipo/,Republic Europe Enables Retail Access to Kraken Pre-IPO,Republic Europe Launches SPV for Kraken Pre-IPO Investment,numbered duplicate with indexable base canonical,batch_3_duplicate_consolidation
https://bitcoininfonews.com/republic-europe-spv-kraken-ipo-5/,https://bitcoininfonews.com/republic-europe-spv-kraken-ipo/,Republic Europe Launches SPV for Kraken IPO Access,Republic Europe Launches SPV for Kraken Pre-IPO Investment,numbered duplicate with indexable base canonical,batch_3_duplicate_consolidation
https://bitcoininfonews.com/republic-europe-spv-kraken-ipo-6/,https://bitcoininfonews.com/republic-europe-spv-kraken-ipo/,Republic Europe Offers SPV for Kraken IPO Participation,Republic Europe Launches SPV for Kraken Pre-IPO Investment,numbered duplicate with indexable base canonical,batch_3_duplicate_consolidation
https://bitcoininfonews.com/republic-europe-spv-kraken-ipo-7/,https://bitcoininfonews.com/republic-europe-spv-kraken-ipo/,Republic Europe Launches SPV for Indirect Kraken Equity,Republic Europe Launches SPV for Kraken Pre-IPO Investment,numbered duplicate with indexable base canonical,batch_3_duplicate_consolidation
https://bitcoininfonews.com/republic-europe-spv-kraken-ipo-8/,https://bitcoininfonews.com/republic-europe-spv-kraken-ipo/,Republic Europe Launches SPV for Kraken's IPO Exposure,Republic Europe Launches SPV for Kraken Pre-IPO Investment,numbered duplicate with indexable base canonical,batch_3_duplicate_consolidation
https://bitcoininfonews.com/rex-osprey-move-etf-sec-filing-2/,https://bitcoininfonews.com/rex-osprey-move-etf-sec-filing/,"Rex Shares, Osprey Funds File MOVE ETF with SEC",REX-Osprey Submits N-1A Filing for MOVE ETF to SEC,numbered duplicate with indexable base canonical,batch_3_duplicate_consolidation
https://bitcoininfonews.com/ripple-ceo-denies-circle-acquisition-2/,https://bitcoininfonews.com/ripple-ceo-denies-circle-acquisition/,Ripple CEO Denies $5 Billion Circle Acquisition Rumors,Ripple CEO Denies Acquisition Efforts for Circle Amid Rumors,numbered duplicate with indexable base canonical,batch_3_duplicate_consolidation
https://bitcoininfonews.com/ross-ulbricht-bitcoin-conference-2025/,https://bitcoininfonews.com/ross-ulbricht-bitcoin-conference/,Ross Ulbricht Calls for Crypto Unity at Bitcoin Conference,Ross Ulbricht to Speak at Bitcoin Conference Post Pardon,numbered duplicate with indexable base canonical,batch_3_duplicate_consolidation
https://bitcoininfonews.com/russia-seizes-bitcoin-illegal-miner-2/,https://bitcoininfonews.com/russia-seizes-bitcoin-illegal-miner/,Russia Confiscates Bitcoin from Illegal Crypto Miner,Russia Confiscates Bitcoin from Illegal Mining Operator,numbered duplicate with indexable base canonical,batch_3_duplicate_consolidation
https://bitcoininfonews.com/sec-binance-extend-litigation-hold-2/,https://bitcoininfonews.com/sec-binance-extend-litigation-hold/,SEC and Binance Agree to Extend Litigation Hold Period,SEC and Binance Extend Agreement on Litigation Hold,numbered duplicate with indexable base canonical,batch_3_duplicate_consolidation
https://bitcoininfonews.com/sec-cftc-crypto-regulation-roundtable-2/,https://bitcoininfonews.com/sec-cftc-crypto-regulation-roundtable/,SEC and CFTC Host Crypto Regulation Roundtable,SEC and CFTC Schedule Joint Crypto Regulation Roundtable,numbered duplicate with indexable base canonical,batch_3_duplicate_consolidation
https://bitcoininfonews.com/sec-crypto-custody-roundtable-2025/,https://bitcoininfonews.com/sec-crypto-custody-roundtable/,"SEC Hosts Crypto Custody Roundtable in Washington, D.C.",SEC Hosts Crypto Custody Roundtable Led by Paul Atkins,numbered duplicate with indexable base canonical,batch_3_duplicate_consolidation
https://bitcoininfonews.com/sec-delays-21shares-sui-etf-2/,https://bitcoininfonews.com/sec-delays-21shares-sui-etf/,SEC Postpones 21Shares Spot SUI ETF Decision to December 2025,SEC Delays Decision on 21Shares' SUI ETF Proposal,numbered duplicate with indexable base canonical,batch_3_duplicate_consolidation
https://bitcoininfonews.com/sec-delays-grayscale-polkadot-etf-2/,https://bitcoininfonews.com/sec-delays-grayscale-polkadot-etf/,SEC Postpones Grayscale's Polkadot ETF Decision to June 2025,SEC Delays Grayscale's Polkadot ETF Decision Until June,numbered duplicate with indexable base canonical,batch_3_duplicate_consolidation
https://bitcoininfonews.com/sec-delays-grayscale-polkadot-etf-3/,https://bitcoininfonews.com/sec-delays-grayscale-polkadot-etf/,SEC Delays Grayscale Polkadot ETF Decision to June 2025,SEC Delays Grayscale's Polkadot ETF Decision Until June,numbered duplicate with indexable base canonical,batch_3_duplicate_consolidation
https://bitcoininfonews.com/sec-delays-solana-etf-decision-2/,https://bitcoininfonews.com/sec-delays-solana-etf-decision/,"SEC Delays Decision on Solana ETFs to October 16, 2025",SEC Delays Decision on Solana Spot ETF Applications,numbered duplicate with indexable base canonical,batch_3_duplicate_consolidation
https://bitcoininfonews.com/sec-delays-solana-etf-decision-2025/,https://bitcoininfonews.com/sec-delays-solana-etf-decision/,SEC Extends Solana ETF Decision Deadline to October 2025,SEC Delays Decision on Solana Spot ETF Applications,numbered duplicate with indexable base canonical,batch_3_duplicate_consolidation
https://bitcoininfonews.com/sec-ends-investigation-immutable-2/,https://bitcoininfonews.com/sec-ends-investigation-immutable/,SEC Ends Investigation Into Immutable With No Action,"SEC Ends Investigation into Immutable, Web3 Gaming Company",numbered duplicate with indexable base canonical,batch_3_duplicate_consolidation
https://bitcoininfonews.com/sec-gemini-60-day-pause-2/,https://bitcoininfonews.com/sec-gemini-60-day-pause/,SEC and Gemini Request Pause in $900M Crypto Lending Case,"SEC, Gemini Request 60-Day Pause in $900M Crypto Case",numbered duplicate with indexable base canonical,batch_3_duplicate_consolidation
https://bitcoininfonews.com/sec-ondo-finance-tokenized-securities-2/,https://bitcoininfonews.com/sec-ondo-finance-tokenized-securities/,"SEC, Ondo Finance Discuss U.S. Tokenized Securities Framework",SEC and Ondo Finance Discuss Tokenized Securities Regulation,numbered duplicate with indexable base canonical,batch_3_duplicate_consolidation
https://bitcoininfonews.com/sec-project-crypto-regulation-2/,https://bitcoininfonews.com/sec-project-crypto-regulation/,"SEC Launches Project Crypto, Avoids Cryptocurrency Ban",SEC Launches 'Project Crypto' to Modernize U.S. Regulations,numbered duplicate with indexable base canonical,batch_3_duplicate_consolidation
https://bitcoininfonews.com/sec-reviews-72-crypto-etfs-2/,https://bitcoininfonews.com/sec-reviews-72-crypto-etfs/,SEC Reviews 72 Crypto ETFs for Approval,"SEC Reviews 72 Crypto ETF Applications, Including Derivatives",numbered duplicate with indexable base canonical,batch_3_duplicate_consolidation
https://bitcoininfonews.com/secure-95x-instant-roi-with-blockdag-s-limited-time-0-0000061-offer-xrp-eyes-enterprise-growth-and-shib-dips-2/,https://bitcoininfonews.com/secure-95x-instant-roi-with-blockdag-s-limited-time-0-0000061-offer-xrp-eyes-enterprise-growth-and-shib-dips/,Secure 95x Instant ROI with BlockDAG's Limited-Time $0.0000061 Offer! XRP Eyes Enterprise Growth & SHIB Dips,Secure 95x Instant ROI with BlockDAG's Limited-Time $0.0000061 Offer! XRP Eyes Enterprise Growth & SHIB Dips,numbered duplicate with indexable base canonical,batch_3_duplicate_consolidation
https://bitcoininfonews.com/semler-scientific-bitcoin-acquisition-2025/,https://bitcoininfonews.com/semler-scientific-bitcoin-acquisition/,Semler Scientific Acquires 165 Bitcoins for $15.7 Million,"Semler Scientific Acquires 455 BTC, Elevates Holdings To $474M",numbered duplicate with indexable base canonical,batch_3_duplicate_consolidation
https://bitcoininfonews.com/semler-scientific-bitcoin-holdings-2025/,https://bitcoininfonews.com/semler-scientific-bitcoin-holdings/,Semler Scientific Expands Bitcoin Holdings to $472 Million,"Semler Scientific Expands Bitcoin Holdings to Over 3,300 BTC",numbered duplicate with indexable base canonical,batch_3_duplicate_consolidation
https://bitcoininfonews.com/senate-blocks-stablecoin-regulation-2/,https://bitcoininfonews.com/senate-blocks-stablecoin-regulation/,U.S. Senate Blocks Stablecoin Regulation Bill in Close Vote,U.S. Senate Blocks Stablecoin Regulation in Close Vote,numbered duplicate with indexable base canonical,batch_3_duplicate_consolidation
https://bitcoininfonews.com/sharps-technology-solana-treasury-2/,https://bitcoininfonews.com/sharps-technology-solana-treasury/,Sharps Technology Secures $400 Million for Solana Treasury,Sharps Technology Raises $400M for Solana Treasury Expansion,numbered duplicate with indexable base canonical,batch_3_duplicate_consolidation
https://bitcoininfonews.com/shib-ada-drift-sideways-while-blockdags-0-0019-listing-deadline-nears-2/,https://bitcoininfonews.com/shib-ada-drift-sideways-while-blockdags-0-0019-listing-deadline-nears/,SHIB & ADA Drift Sideways While BlockDAG’s $0.0019 Listing Deadline Nears,SHIB & ADA Drift Sideways While BlockDAG’s $0.0019 Listing Deadline Nears,numbered duplicate with indexable base canonical,batch_3_duplicate_consolidation
https://bitcoininfonews.com/shib-and-tao-lose-steam-while-web3-ai-presale-climbs-past-8-5m-2/,https://bitcoininfonews.com/shib-and-tao-lose-steam-while-web3-ai-presale-climbs-past-8-5m/,SHIB and TAO Lose Steam While Web3 ai Presale Climbs Past $8.5M,SHIB and TAO Lose Steam While Web3 ai Presale Climbs Past $8.5M,numbered duplicate with indexable base canonical,batch_3_duplicate_consolidation
https://bitcoininfonews.com/shiba-inu-weakens-polygon-strengthens-blockdag-raises-388m-2/,https://bitcoininfonews.com/shiba-inu-weakens-polygon-strengthens-blockdag-raises-388m/,"Shiba Inu Weakens, Polygon Strengthens, BlockDAG Raises $388M!","Shiba Inu Weakens, Polygon Strengthens, BlockDAG Raises $388M!",numbered duplicate with indexable base canonical,batch_3_duplicate_consolidation
https://bitcoininfonews.com/shibarium-bridge-flash-loan-attack-2/,https://bitcoininfonews.com/shibarium-bridge-flash-loan-attack/,Shiba Inu's Shibarium Bridge Compromised by Flash Loan Attack,"Shibarium Bridge Hit by Flash Loan Attack, $2.4 Million Drained",numbered duplicate with indexable base canonical,batch_3_duplicate_consolidation
https://bitcoininfonews.com/solana-ethereum-staking-etfs-launch-2/,https://bitcoininfonews.com/solana-ethereum-staking-etfs-launch/,"Solana, Ethereum Staking ETFs May Enter U.S. Market Soon",Solana and Ethereum Staking ETFs Near U.S. Launch,numbered duplicate with indexable base canonical,batch_3_duplicate_consolidation
https://bitcoininfonews.com/solana-mobile-skr-token-launch-2/,https://bitcoininfonews.com/solana-mobile-skr-token-launch/,"Solana Mobile Introduces SKR Token, Announces Seeker Phone Launch",Solana Mobile Announces SKR Token with New Seeker Android Phone,numbered duplicate with indexable base canonical,batch_3_duplicate_consolidation
https://bitcoininfonews.com/solyd-solana-seeker-cases-soulbound-nfts-2/,https://bitcoininfonews.com/solyd-solana-seeker-cases-soulbound-nfts/,Solyd Unveils Solana Seeker Cases with Soulbound NFTs,Solyd Introduces Solana Seeker Cases with Soulbound NFTs,numbered duplicate with indexable base canonical,batch_3_duplicate_consolidation
https://bitcoininfonews.com/south-korea-blocks-crypto-apps-2/,https://bitcoininfonews.com/south-korea-blocks-crypto-apps/,South Korea Blocks Crypto Exchange Apps on App Stores,South Korea Blocks 14 Crypto Exchange Apps on Apple Store,numbered duplicate with indexable base canonical,batch_3_duplicate_consolidation
https://bitcoininfonews.com/south-korea-crypto-lending-ban-2/,https://bitcoininfonews.com/south-korea-crypto-lending-ban/,"South Korea Caps Crypto Lending at 20%, Bans Leveraged Loans",South Korea Orders Crypto Lending Halt on Local Exchanges,numbered duplicate with indexable base canonical,batch_3_duplicate_consolidation
https://bitcoininfonews.com/steak-n-shake-bitcoin-payments-2/,https://bitcoininfonews.com/steak-n-shake-bitcoin-payments/,Steak 'N Shake Begins Accepting Bitcoin Nationwide,Steak 'n Shake Embraces Bitcoin Payments Nationwide,numbered duplicate with indexable base canonical,batch_3_duplicate_consolidation
https://bitcoininfonews.com/steak-n-shake-bitcoin-payments-3/,https://bitcoininfonews.com/steak-n-shake-bitcoin-payments/,Steak 'n Shake to Accept Bitcoin Nationwide Starting May 16,Steak 'n Shake Embraces Bitcoin Payments Nationwide,numbered duplicate with indexable base canonical,batch_3_duplicate_consolidation
https://bitcoininfonews.com/superstate-sec-equities-solana-launch-2/,https://bitcoininfonews.com/superstate-sec-equities-solana-launch/,Superstate Launches SEC-Registered Equities on Solana Blockchain,Superstate Launches SEC-Registered Equities on Solana Blockchain,numbered duplicate with indexable base canonical,batch_3_duplicate_consolidation
https://bitcoininfonews.com/supreme-court-coinbase-privacy-case-2/,https://bitcoininfonews.com/supreme-court-coinbase-privacy-case/,U.S. Supreme Court Declines Coinbase Privacy Case Review,Supreme Court Asked to Reject Coinbase Privacy Suit,numbered duplicate with indexable base canonical,batch_3_duplicate_consolidation
https://bitcoininfonews.com/tether-bitcoin-gold-reserves-2/,https://bitcoininfonews.com/tether-bitcoin-gold-reserves/,Tether Unveils Bitcoin and Gold Holdings,Tether CEO Reveals Large Bitcoin and Gold Holdings,numbered duplicate with indexable base canonical,batch_3_duplicate_consolidation
https://bitcoininfonews.com/trump-bitcoin-reserve-executive-order-2/,https://bitcoininfonews.com/trump-bitcoin-reserve-executive-order/,Trump Signs Executive Order for Strategic Bitcoin Reserve,Trump Signs Executive Order for Strategic Bitcoin Reserve,numbered duplicate with indexable base canonical,batch_3_duplicate_consolidation
https://bitcoininfonews.com/trump-dubai-tower-crypto-payments-2/,https://bitcoininfonews.com/trump-dubai-tower-crypto-payments/,Trump's $1B Dubai Tower to Accept Cryptocurrency Payments,Trump's Dubai Tower to Accept Cryptocurrency Payments,numbered duplicate with indexable base canonical,batch_3_duplicate_consolidation
https://bitcoininfonews.com/trump-eu-tariffs-bitcoin-impact-2/,https://bitcoininfonews.com/trump-eu-tariffs-bitcoin-impact/,Trump's EU Tariffs Threaten Bitcoin Market Stability,Trump's EU Tariffs Impact Bitcoin Market Stability,numbered duplicate with indexable base canonical,batch_3_duplicate_consolidation
https://bitcoininfonews.com/trump-pardons-binance-cz-2025/,https://bitcoininfonews.com/trump-pardons-binance-cz/,"Trump Pardons Binance's CZ, Market Watches for Shifts",Trump Pardons Binance's Changpeng Zhao Amid Unverified Criticisms,numbered duplicate with indexable base canonical,batch_3_duplicate_consolidation
https://bitcoininfonews.com/trump-strategic-bitcoin-reserve-2025/,https://bitcoininfonews.com/trump-strategic-bitcoin-reserve/,Trump Establishes U.S. Strategic Bitcoin Reserve,Trump Establishes U.S. Strategic Bitcoin Reserve Initiative,numbered duplicate with indexable base canonical,batch_3_duplicate_consolidation
https://bitcoininfonews.com/trump-tariffs-impact-crypto-markets-2/,https://bitcoininfonews.com/trump-tariffs-impact-crypto-markets/,Trump's Tariffs Impact Crypto Amid Greenland Dispute,Trump's New Tariffs Impact Cryptocurrency Markets Significantly,numbered duplicate with indexable base canonical,batch_3_duplicate_consolidation
https://bitcoininfonews.com/uniswap-3-trillion-trading-volume-2/,https://bitcoininfonews.com/uniswap-3-trillion-trading-volume/,Uniswap Leads with $3 Trillion Trading Milestone,Uniswap Surpasses $3 Trillion in Trading Volume Milestone,numbered duplicate with indexable base canonical,batch_3_duplicate_consolidation
https://bitcoininfonews.com/us-banks-stablecoin-initiative-2/,https://bitcoininfonews.com/us-banks-stablecoin-initiative/,US Banks Explore Joint Stablecoin Initiative,US Banks Discuss Joint Stablecoin Venture Amid Regulatory Changes,numbered duplicate with indexable base canonical,batch_3_duplicate_consolidation
https://bitcoininfonews.com/us-bitcoin-reserve-gold-revaluation-2/,https://bitcoininfonews.com/us-bitcoin-reserve-gold-revaluation/,U.S. Explores Bitcoin Reserve with Gold Revaluation,U.S. Plans Bitcoin Reserve via Gold Revaluation,numbered duplicate with indexable base canonical,batch_3_duplicate_consolidation
https://bitcoininfonews.com/us-bitcoin-strategic-reserve-2/,https://bitcoininfonews.com/us-bitcoin-strategic-reserve/,U.S. Embraces Bitcoin with Strategic Reserve Initiative,U.S. Establishes Bitcoin as Strategic Reserve Asset,numbered duplicate with indexable base canonical,batch_3_duplicate_consolidation
https://bitcoininfonews.com/us-genius-act-stablecoin-regulation-2/,https://bitcoininfonews.com/us-genius-act-stablecoin-regulation/,U.S. GENIUS Act Alters Stablecoin Regulation Landscape,US Senate Passes GENIUS Act for Stablecoin Regulation,numbered duplicate with indexable base canonical,batch_3_duplicate_consolidation
https://bitcoininfonews.com/us-recovers-7m-crypto-fraud-2/,https://bitcoininfonews.com/us-recovers-7m-crypto-fraud/,US Government Pursues $7M Crypto from Fraud Scheme,U.S. Recovers $7M in Cryptocurrency Investment Fraud Case,numbered duplicate with indexable base canonical,batch_3_duplicate_consolidation
https://bitcoininfonews.com/us-strategic-bitcoin-reserve-2025-2/,https://bitcoininfonews.com/us-strategic-bitcoin-reserve-2025/,"US Establishes Strategic Bitcoin Reserve, Market Responds",The U.S. Establishes Strategic Bitcoin Reserve for Economic Security,numbered duplicate with indexable base canonical,batch_3_duplicate_consolidation
https://bitcoininfonews.com/us-strategic-bitcoin-reserve-2025-3/,https://bitcoininfonews.com/us-strategic-bitcoin-reserve-2025/,U.S. Establishes Strategic Bitcoin Reserve for 2025,The U.S. Establishes Strategic Bitcoin Reserve for Economic Security,numbered duplicate with indexable base canonical,batch_3_duplicate_consolidation
https://bitcoininfonews.com/us-strategic-bitcoin-reserve-2025-4/,https://bitcoininfonews.com/us-strategic-bitcoin-reserve-2025/,U.S. Establishes Strategic Bitcoin Reserve amid Currency Debate,The U.S. Establishes Strategic Bitcoin Reserve for Economic Security,numbered duplicate with indexable base canonical,batch_3_duplicate_consolidation
https://bitcoininfonews.com/us-strategic-bitcoin-reserve-policy-shift-2/,https://bitcoininfonews.com/us-strategic-bitcoin-reserve-policy-shift/,"U.S. Establishes Strategic Bitcoin Reserve, Signal Policy Shift",U.S. Establishes Strategic Bitcoin Reserve in Policy Shift,numbered duplicate with indexable base canonical,batch_3_duplicate_consolidation
https://bitcoininfonews.com/us-strategic-bitcoin-reserve-policy-2/,https://bitcoininfonews.com/us-strategic-bitcoin-reserve-policy/,U.S. Establishes Strategic Bitcoin Reserve in Policy Shift,"U.S. Establishes Strategic Bitcoin Reserve, Signals Policy Shift",numbered duplicate with indexable base canonical,batch_3_duplicate_consolidation
https://bitcoininfonews.com/us-strategic-bitcoin-reserve-2/,https://bitcoininfonews.com/us-strategic-bitcoin-reserve/,U.S. Establishes Strategic Bitcoin Reserve Under Trump,US Establishes Strategic Bitcoin Reserve via Executive Order,numbered duplicate with indexable base canonical,batch_3_duplicate_consolidation
https://bitcoininfonews.com/us-strategic-bitcoin-reserve-2025/,https://bitcoininfonews.com/us-strategic-bitcoin-reserve/,The U.S. Establishes Strategic Bitcoin Reserve for Economic Security,US Establishes Strategic Bitcoin Reserve via Executive Order,numbered duplicate with indexable base canonical,batch_3_duplicate_consolidation
https://bitcoininfonews.com/us-strategic-bitcoin-reserve-3/,https://bitcoininfonews.com/us-strategic-bitcoin-reserve/,U.S. Government Establishes Strategic Bitcoin Reserve,US Establishes Strategic Bitcoin Reserve via Executive Order,numbered duplicate with indexable base canonical,batch_3_duplicate_consolidation
https://bitcoininfonews.com/us-strategic-bitcoin-reserve-4/,https://bitcoininfonews.com/us-strategic-bitcoin-reserve/,White House Establishes Strategic Bitcoin Reserve,US Establishes Strategic Bitcoin Reserve via Executive Order,numbered duplicate with indexable base canonical,batch_3_duplicate_consolidation
https://bitcoininfonews.com/us-strategic-bitcoin-reserve-5/,https://bitcoininfonews.com/us-strategic-bitcoin-reserve/,U.S. Establishes Strategic Bitcoin Reserve Amid Institutional Growth,US Establishes Strategic Bitcoin Reserve via Executive Order,numbered duplicate with indexable base canonical,batch_3_duplicate_consolidation
https://bitcoininfonews.com/vitalik-buterin-ethereum-simplification-2/,https://bitcoininfonews.com/vitalik-buterin-ethereum-simplification/,Vitalik Buterin Advocates Simplifying Ethereum for User Autonomy,Vitalik Buterin Proposes Simplification of Ethereum Protocol,numbered duplicate with indexable base canonical,batch_3_duplicate_consolidation
https://bitcoininfonews.com/warren-waters-sec-trump-crypto-probe-2/,https://bitcoininfonews.com/warren-waters-sec-trump-crypto-probe/,Warren and Waters Investigate SEC Over Trump Crypto Ties,"Warren, Waters Urge SEC Probe into Trump Influence on Crypto",numbered duplicate with indexable base canonical,batch_3_duplicate_consolidation
https://bitcoininfonews.com/world-liberty-financial-token-sale-2/,https://bitcoininfonews.com/world-liberty-financial-token-sale/,World Liberty Financial Completes $550M Token Sale,World Liberty Financial Completes $550 Million Token Sale,numbered duplicate with indexable base canonical,batch_3_duplicate_consolidation
https://bitcoininfonews.com/world-liberty-financial-usd1-airdrop-2/,https://bitcoininfonews.com/world-liberty-financial-usd1-airdrop/,World Liberty Financial Airdrops USD1 to Token Holders,World Liberty Financial's USD1 Airdrop Approved by Community Vote,numbered duplicate with indexable base canonical,batch_3_duplicate_consolidation
https://bitcoininfonews.com/zero-knowledge-proof-zkp-crypto-turns-action-into-rewards-2/,https://bitcoininfonews.com/zero-knowledge-proof-zkp-crypto-turns-action-into-rewards/,Zero Knowledge Proof (ZKP) Crypto Turns Action Into Rewards,Zero Knowledge Proof (ZKP) Crypto Turns Action Into Rewards,numbered duplicate with indexable base canonical,batch_3_duplicate_consolidation
https://bitcoininfonews.com/zkp-takes-center-stage-with-5m-giveaway-while-eth-anchors-and-tron-gains-ground-2/,https://bitcoininfonews.com/zkp-takes-center-stage-with-5m-giveaway-while-eth-anchors-and-tron-gains-ground/,ZKP Takes Center Stage With $5M Giveaway While ETH Anchors and TRON Gains Ground,ZKP Takes Center Stage With $5M Giveaway While ETH Anchors and TRON Gains Ground,numbered duplicate with indexable base canonical,batch_3_duplicate_consolidation
https://bitcoininfonews.com/zkps-presale-auction-is-projected-to-reach-1-7-billion-while-zcash-hedera-struggle-to-keep-up-2/,https://bitcoininfonews.com/zkps-presale-auction-is-projected-to-reach-1-7-billion-while-zcash-hedera-struggle-to-keep-up/,ZKP’s Presale Auction Is Projected to Reach $1.7 Billion While Zcash & Hedera Struggle to Keep Up,ZKP’s Presale Auction Is Projected to Reach $1.7 Billion While Zcash & Hedera Struggle to Keep Up,numbered duplicate with indexable base canonical,batch_3_duplicate_consolidation
