url,reason,live_status_code,live_location,decision
https://bitcoininfonews.com/179-million-crypto-contracts-liquidated-24-hours-longs-shorts-hit/,Closest winner still weak: https://bitcoininfonews.com/179-million-crypto-liquidations-24-hours/,404,,keep_404
https://bitcoininfonews.com/179-million-crypto-contracts-liquidated-24-hours/,Closest winner still weak: https://bitcoininfonews.com/179-million-crypto-liquidations-24-hours/,404,,keep_404
https://bitcoininfonews.com/183-million-crypto-liquidations-one-hour-longs-biggest-hit/,Closest winner still weak: https://bitcoininfonews.com/183-million-crypto-liquidations-one-hour-long-positions/,404,,keep_404
https://bitcoininfonews.com/193-million-in-crypto-liquidations-hit-in-24-hours-as-shorts-get-squeezed/,Closest winner still weak: https://bitcoininfonews.com/193-million-crypto-liquidations-24-hours-short-positions/,404,,keep_404
https://bitcoininfonews.com/3-token-unlocks-late-march-2026-zro-h-gunz-schedules/,Closest winner still weak: https://bitcoininfonews.com/token-unlocks-march-2026-zro-humanity-protocol-gunz/,404,,keep_404
https://bitcoininfonews.com/3-token-unlocks-late-march-2026-zro-h-gunz/,Closest winner still weak: https://bitcoininfonews.com/token-unlocks-march-2026-zro-humanity-protocol-gunz/,404,,keep_404
https://bitcoininfonews.com/631-million-crypto-contracts-liquidated-24-hours/,Closest winner still weak: https://bitcoininfonews.com/631-million-crypto-liquidations-24-hours/,404,,keep_404
https://bitcoininfonews.com/631-million-in-crypto-contracts-liquidated-in-24-hours/,Closest winner still weak: https://bitcoininfonews.com/631-million-crypto-liquidations-24-hours/,404,,keep_404
https://bitcoininfonews.com/73m-crypto-liquidations-hit-markets-24-hours-longs-absorb-losses/,Closest winner still weak: https://bitcoininfonews.com/341m-crypto-liquidations-shorts-24-hours/,404,,keep_404
https://bitcoininfonews.com/73m-crypto-liquidations-hit-markets-24-hours/,Closest winner still weak: https://bitcoininfonews.com/341m-crypto-liquidations-shorts-24-hours/,404,,keep_404
https://bitcoininfonews.com/73m-in-crypto-liquidations-hit-markets-in-24-hours-longs-absorb-most-losses/,Closest winner still weak: https://bitcoininfonews.com/341m-crypto-liquidations-shorts-24-hours/,404,,keep_404
https://bitcoininfonews.com/?p=34903,Closest winner still weak: https://bitcoininfonews.com/s-p-500-recovers-5600-swing/,404,,keep_404
https://bitcoininfonews.com/?p=34937,Closest winner still weak: https://bitcoininfonews.com/s-p-500-recovers-5600-swing/,404,,keep_404
https://bitcoininfonews.com/banque-syz-family-feud-over-crypto-strategy-ends-with-heirs-departure-to-start-own-firm/,Closest winner still weak: https://bitcoininfonews.com/banque-syz-crypto-family-feud-heir-departure/,404,,keep_404
https://bitcoininfonews.com/binance-alpha-airdrop-opens-today-240-points-minimum-required/,Closest winner still weak: https://bitcoininfonews.com/binance-alpha-airdrop-today-1800-240-points/,404,,keep_404
https://bitcoininfonews.com/binance-alpha-airdrop-opens-today/,Closest winner still weak: https://bitcoininfonews.com/binance-alpha-airdrop-today-1800-240-points/,404,,keep_404
https://bitcoininfonews.com/bis-retail-gold-purchases-triple-six-months-institutions-accelerate-selling/,Closest winner still weak: https://bitcoininfonews.com/bis-retail-gold-purchases-tripled-institutional-selling/,404,,keep_404
https://bitcoininfonews.com/bis-retail-gold-purchases-triple-six-months-institutions-selling/,Closest winner still weak: https://bitcoininfonews.com/bis-retail-gold-purchases-tripled-institutional-selling/,404,,keep_404
https://bitcoininfonews.com/bitcoin-125k-etf-regulatory-change/source1,No live winner candidate shared enough tokens.,404,,keep_404_no_candidate
https://bitcoininfonews.com/bitcoin-and-ethereum-options-worth-1-97-billion-expire-today/,Closest winner still weak: https://bitcoininfonews.com/bitcoin-ethereum-options-expiry-1-97-billion/,404,,keep_404
https://bitcoininfonews.com/bitcoin-bottom-not-in-yet-analyst-warns-of-slide-toward-40000/,Closest winner still weak: https://bitcoininfonews.com/bitcoin-bottom-not-in-analyst-warns-40000-zone/,404,,keep_404
https://bitcoininfonews.com/bitcoin-breaks-71000-as-btc-posts-1-62-daily-gain/,Closest winner still weak: https://bitcoininfonews.com/bitcoin-breaks-71000-btc-daily-gain/,404,,keep_404
https://bitcoininfonews.com/bitcoin-enters-reset-period-after-pullback-from-highs-what-the-consolidation-means/,Closest winner still weak: https://bitcoininfonews.com/bitcoin-reset-period-consolidation-pullback-price-analysis/,404,,keep_404
https://bitcoininfonews.com/bitcoin-etf-multiplier-effect-cory-klippstens-btc-case/,Closest winner still weak: https://bitcoininfonews.com/bitcoin-etf-multiplier-effect-cory-klippsten/,404,,keep_404
https://bitcoininfonews.com/bitcoin-etf-outflows-accelerate-risk-assets-face-broad-sell-off/,Closest winner still weak: https://bitcoininfonews.com/bitcoin-etf-outflows-us-stock-etfs-risk-assets-sell-off/,404,,keep_404
https://bitcoininfonews.com/bitcoin-ethereum-options-expire-today/,Closest winner still weak: https://bitcoininfonews.com/bitcoin-options-expire-halloween/,404,,keep_404
https://bitcoininfonews.com/bitcoin-ethereum-trend-release-phase-etf-inflows-short-covering/,Closest winner still weak: https://bitcoininfonews.com/gate-research-btc-eth-trend-release-phase-etf-inflows-short-covering/,404,,keep_404
https://bitcoininfonews.com/bitcoin-low-volatility-65k-support/,Closest winner still weak: https://bitcoininfonews.com/bitcoin-volatility-100k-104k-support/,404,,keep_404
https://bitcoininfonews.com/bitcoin-price-down-today-btc-tests-below-65000-liquidations-key-data/,Closest winner still weak: https://bitcoininfonews.com/why-is-bitcoin-price-down-today/,404,,keep_404
https://bitcoininfonews.com/bitcoin-spot-etfs-record-167m-net-inflow-ending-3-day-outflow-streak/,Closest winner still weak: https://bitcoininfonews.com/bitcoin-spot-etfs-348m-outflow/,404,,keep_404
https://bitcoininfonews.com/bitcoin-steadies-after-sell-off-crypto-news-march-23-2026/,Closest winner still weak: https://bitcoininfonews.com/bitcoin-crypto-news-march-23-2026/,404,,keep_404
https://bitcoininfonews.com/bitcoin-supercycle-record-low-retail-demand-meets-18b-etf-flows/,Closest winner still weak: https://bitcoininfonews.com/bitcoin-supercycle-retail-demand-etf-flows/,404,,keep_404
https://bitcoininfonews.com/bitget-delist-blum-usdt-less-than-year-after-listing/,Closest winner still weak: https://bitcoininfonews.com/bitget-delist-blum-usdt/,404,,keep_404
https://bitcoininfonews.com/bitget-to-delist-blum-usdt-less-than-year-after-listing/,Closest winner still weak: https://bitcoininfonews.com/bitget-delist-blum-usdt/,404,,keep_404
https://bitcoininfonews.com/bitmax-denies-selling-bitcoin-says-overseas-transfers-are-a-security-measure/,Closest winner still weak: https://bitcoininfonews.com/bitmax-denies-selling-bitcoin-overseas-exchange-transfers-security/,404,,keep_404
https://bitcoininfonews.com/blackrock-ceo-projects-500m-annual-crypto-revenue-within-five-years/,Closest winner still weak: https://bitcoininfonews.com/blackrock-ceo-crypto-500-million-annual-revenue/,404,,keep_404
https://bitcoininfonews.com/blackrock-ceo-projects-500m-annual-crypto-revenue/,Closest winner still weak: https://bitcoininfonews.com/blackrock-ceo-crypto-500-million-annual-revenue/,404,,keep_404
https://bitcoininfonews.com/blackrock-ethereum-etf-surpasses-250m-aum-first-week-trading/,Closest winner still weak: https://bitcoininfonews.com/blackrock-ethereum-etf-250-million-aum-first-week/,404,,keep_404
https://bitcoininfonews.com/blackrock-ethereum-etf-surpasses-250m-aum-in-first-week-of-trading/,Closest winner still weak: https://bitcoininfonews.com/blackrock-ethereum-etf-250-million-aum-first-week/,404,,keep_404
https://bitcoininfonews.com/blockdag-trademay30-cardano-hyperliquid/,Closest winner still weak: https://bitcoininfonews.com/blockdag-drops-trademay30-code-for-early-supporters-more-updates-on-cardano-crypto-stability-hyperliquid-coin-trend/,404,,keep_404
https://bitcoininfonews.com/boyaa-interactive-sets-70-million-budget-to-acquire-cryptocurrency/,Closest winner still weak: https://bitcoininfonews.com/boyaa-interactive-70-million-cryptocurrency-acquisition/,404,,keep_404
https://bitcoininfonews.com/brazilian-hackers-google-play-crypto-usdt/,Closest winner still weak: https://bitcoininfonews.com/brazil-fake-google-play-store-crypto-mining-usdt-theft/,404,,keep_404
https://bitcoininfonews.com/brazilian-hackers-use-fake-google-play-store-to-mine-crypto-and-steal-usdt/,Closest winner still weak: https://bitcoininfonews.com/brazil-fake-google-play-store-crypto-mining-usdt-theft/,404,,keep_404
https://bitcoininfonews.com/btc-whale-183m-long-position-price-targets/,Closest winner still weak: https://bitcoininfonews.com/btc-whale-183-million-long-position-10-targets/,404,,keep_404
https://bitcoininfonews.com/btc-whale-opens-183m-long-position-eyes-10-price-targets/,Closest winner still weak: https://bitcoininfonews.com/btc-whale-183-million-long-position-10-targets/,404,,keep_404
https://bitcoininfonews.com/cdn-cgi/l/email-protection,Closest winner still weak: https://bitcoininfonews.com/trumps-law-defi-irs-protection/,404,,keep_404
https://bitcoininfonews.com/chainlinks-rise-storys-struggles-cold-wallets-6-4m-presale-at-0-00998-stands-out/IMAGE_URL,Closest winner still weak: https://bitcoininfonews.com/openai-image-generator-release/,404,,keep_404
https://bitcoininfonews.com/circle-unveils-new-token-to-give-bitcoin-more-utility/,Closest winner still weak: https://bitcoininfonews.com/circle-new-token-bitcoin-utility/,404,,keep_404
https://bitcoininfonews.com/citibank-estimates-hong-kong-stablecoin-market-at-hk124-8-billion-as-licensed-exchanges-eye-gains/,Closest winner still weak: https://bitcoininfonews.com/citibank-hong-kong-stablecoin-market-hk124-billion/,404,,keep_404
https://bitcoininfonews.com/coin-center-trump-admin-pro-crypto-rhetoric-clashes-with-ongoing-lawsuits-against-privacy-developers/,Closest winner still weak: https://bitcoininfonews.com/coin-center-trump-crypto-privacy-developers-dilemma/,404,,keep_404
https://bitcoininfonews.com/coin-center-trump-admin-pro-crypto-rhetoric-lawsuits-privacy-developers/,Closest winner still weak: https://bitcoininfonews.com/coin-center-trump-crypto-privacy-developers-dilemma/,404,,keep_404
https://bitcoininfonews.com/coin-center-trump-admins-pro-crypto-rhetoric-clashes-with-ongoing-lawsuits-against-privacy-developers/,Closest winner still weak: https://bitcoininfonews.com/coin-center-trump-crypto-privacy-developers-dilemma/,404,,keep_404
https://bitcoininfonews.com/coinbase-stablecoin-integration-2025/path/to/image.jpg,Closest winner still weak: https://bitcoininfonews.com/openai-image-generator-release/,404,,keep_404
https://bitcoininfonews.com/coinbase-to-launch-icnt-usd-spot-trading-pair-for-impossible-cloud-network/,Closest winner still weak: https://bitcoininfonews.com/coinbase-icnt-usd-impossible-cloud-network-listing/,404,,keep_404
https://bitcoininfonews.com/coinpayments-and-osl-group-partner-to-expand-crypto-services-in-asia-pacific/,Closest winner still weak: https://bitcoininfonews.com/coinpayments-osl-group-asia-pacific-partnership/,404,,keep_404
https://bitcoininfonews.com/coinpayments-osl-group-partner-expand-crypto-services-asia-pacific/,Closest winner still weak: https://bitcoininfonews.com/coinpayments-osl-group-asia-pacific-partnership/,404,,keep_404
https://bitcoininfonews.com/comparing-market-value-xrp-dogecoin-chainlink-blockdag-lead-the-top-performing-crypto-today/,Closest winner still weak: https://bitcoininfonews.com/blockdags-0276-presale-surpasses-xrp-volumes-and-dogecoin-breakout-in-best-performing-crypto-today/,404,,keep_404
https://bitcoininfonews.com/crypto-high-forecast-analysis/www.tygrx.com,Closest winner still weak: https://bitcoininfonews.com/trump-crypto-com-partnership/,404,,keep_404
https://bitcoininfonews.com/crypto-implied-volatility-stays-high-gold-oil-vol-retreats/,Closest winner still weak: https://bitcoininfonews.com/gate-research-cryptocurrency-implied-volatility-high-gold-oil-retreat/,404,,keep_404
https://bitcoininfonews.com/crypto-liquidations-hit-193-million-24-hours-shorts-squeezed/,Closest winner still weak: https://bitcoininfonews.com/193-million-crypto-liquidations-24-hours-short-positions/,404,,keep_404
https://bitcoininfonews.com/crypto-market-drops-btc-falls-below-71000-layer-2-tokens-plunge/,Closest winner still weak: https://bitcoininfonews.com/crypto-market-drops-second-day-btc-below-71000-layer-2-decline/,404,,keep_404
https://bitcoininfonews.com/crypto-news-roundup-key-developments-from-march-25-26-2026/,Closest winner still weak: https://bitcoininfonews.com/crypto-news-march-25-26-2026/,404,,keep_404
https://bitcoininfonews.com/crypto-news-roundup-key-developments-march-25-26-2026/,Closest winner still weak: https://bitcoininfonews.com/crypto-news-march-25-26-2026/,404,,keep_404
https://bitcoininfonews.com/crypto-news-today-key-overnight-developments-march-26-27-2026/,Closest winner still weak: https://bitcoininfonews.com/crypto-news-today-march-27-2026/,404,,keep_404
https://bitcoininfonews.com/delaware-bill-proposes-banking-regulation-for-stablecoins/,Closest winner still weak: https://bitcoininfonews.com/delaware-stablecoin-bill-banking-regulation/,404,,keep_404
https://bitcoininfonews.com/delaware-bill-proposes-banking-regulation-stablecoins/,Closest winner still weak: https://bitcoininfonews.com/delaware-stablecoin-bill-banking-regulation/,404,,keep_404
https://bitcoininfonews.com/drift-protocol-flags-unusual-activity-warns-users/,Closest winner still weak: https://bitcoininfonews.com/drift-protocol-unusual-activity-solana-users-warned/,404,,keep_404
https://bitcoininfonews.com/ecb-defi-dao-governance-tokens-may-not-qualify-for-mica-exemptions/,Closest winner still weak: https://bitcoininfonews.com/ecb-paper-defi-dao-governance-tokens-mica-exemption/,404,,keep_404
https://bitcoininfonews.com/ecb-defi-dao-governance-tokens-may-not-qualify-mica-exemptions/,Closest winner still weak: https://bitcoininfonews.com/ecb-paper-defi-dao-governance-tokens-mica-exemption/,404,,keep_404
https://bitcoininfonews.com/ethereum-spot-etf-outflows-48-million-8th-day/,Closest winner still weak: https://bitcoininfonews.com/ethereum-spot-etf-outflows-59-million-march-2026/,404,,keep_404
https://bitcoininfonews.com/ethereum-spot-etf-outflows-hit-48-5m-for-8th-straight-day/,Closest winner still weak: https://bitcoininfonews.com/ethereum-spot-etf-outflows-eighth-consecutive-day/,404,,keep_404
https://bitcoininfonews.com/ethereum-spot-etf-records-55-7m-net-outflow-latest-session/,Closest winner still weak: https://bitcoininfonews.com/ethereum-spot-etf-net-outflow-55-million/,404,,keep_404
https://bitcoininfonews.com/ethereum-spot-etfs-92-5m-outflow-seventh-consecutive-day/,Closest winner still weak: https://bitcoininfonews.com/ethereum-spot-etf-outflows-eighth-consecutive-day/,404,,keep_404
https://bitcoininfonews.com/ethereum-spot-etfs-bleed-59-94m-weekly-outflows-blackrock-etha/,Closest winner still weak: https://bitcoininfonews.com/ethereum-spot-etf-outflows-207-million-blackrock-etha/,404,,keep_404
https://bitcoininfonews.com/ethereum-spot-etfs-post-92-5m-outflow-seventh-consecutive-day-in-the-red/,Closest winner still weak: https://bitcoininfonews.com/ethereum-spot-etf-outflows-eighth-consecutive-day/,404,,keep_404
https://bitcoininfonews.com/ethereum-spot-etfs-record-207m-net-outflows-as-blackrocks-etha-sheds-285m/,Closest winner still weak: https://bitcoininfonews.com/ethereum-spot-etf-outflows-207-million-blackrock-etha/,404,,keep_404
https://bitcoininfonews.com/ethereum-world-reserve-asset-emerges/url1,No live winner candidate shared enough tokens.,404,,keep_404_no_candidate
https://bitcoininfonews.com/ethereum-world-reserve-asset-emerges/url2,No live winner candidate shared enough tokens.,404,,keep_404_no_candidate
https://bitcoininfonews.com/ethereum-world-reserve-asset-emerges/url3,No live winner candidate shared enough tokens.,404,,keep_404_no_candidate
https://bitcoininfonews.com/ethereum-world-reserve-asset-emerges/url4,No live winner candidate shared enough tokens.,404,,keep_404_no_candidate
https://bitcoininfonews.com/ethereum-world-reserve-asset-emerges/url5,No live winner candidate shared enough tokens.,404,,keep_404_no_candidate
https://bitcoininfonews.com/evernorth-amended-sec-filing-deepens-xrp-role-in-crypto-market-structure/,Closest winner still weak: https://bitcoininfonews.com/congress-crypto-market-structure-bill/,404,,keep_404
https://bitcoininfonews.com/fed-governor-milan-still-expects-four-rate-cuts-in-2026/,Closest winner still weak: https://bitcoininfonews.com/federal-reserve-governor-milan-four-rate-cuts-2026/,404,,keep_404
https://bitcoininfonews.com/fed-key-cash-backstop-almost-empty-crypto-markets/,Closest winner still weak: https://bitcoininfonews.com/fed-rate-cut-odds-bitcoin-crypto-markets/,404,,keep_404
https://bitcoininfonews.com/fed-rate-hike-odds-top-30-bank-of-america-conditions,Closest winner still weak: https://bitcoininfonews.com/fed-rate-hike-probability-2026-bank-of-america-three-conditions/,404,,keep_404
https://bitcoininfonews.com/feds-key-cash-backstop-almost-empty-crypto-markets/,Closest winner still weak: https://bitcoininfonews.com/psg-bitcoin-investment-crypto-markets/,404,,keep_404
https://bitcoininfonews.com/feds-waller-says-rate-hikes-not-necessary-what-it-means-for-bitcoin/,Closest winner still weak: https://bitcoininfonews.com/fed-governor-waller-interest-rate-hike-not-necessary-bitcoin/,404,,keep_404
https://bitcoininfonews.com/fet-token-price-surges-66-as-ai-crypto-momentum-builds-but-signals-flash-caution/,Closest winner still weak: https://bitcoininfonews.com/fet-token-price-surge-66-percent-ai-crypto/,404,,keep_404
https://bitcoininfonews.com/fet-token-price-surges-ai-crypto-momentum/,Closest winner still weak: https://bitcoininfonews.com/fet-token-price-surge-66-percent-ai-crypto/,404,,keep_404
https://bitcoininfonews.com/fluid-suspends-usr-marketplace-promises-full-compensation-for-affected-users/,Closest winner still weak: https://bitcoininfonews.com/fluid-usr-marketplace-suspended-compensation/,404,,keep_404
https://bitcoininfonews.com/gate-integrates-polymarket-launches-1000-gt-incentive-program-trend-proposals/,Closest winner still weak: https://bitcoininfonews.com/gate-polymarket-integration-1000-gt-incentive-program/,404,,keep_404
https://bitcoininfonews.com/gate-integrates-with-polymarket-launches-1000-gt-incentive-program-for-trend-proposals/,Closest winner still weak: https://bitcoininfonews.com/gate-polymarket-integration-1000-gt-incentive-program/,404,,keep_404
https://bitcoininfonews.com/gate-research-bitcoin-and-ethereum-enter-trend-release-phase-as-etf-inflows-and-short-covering-surge/,Closest winner still weak: https://bitcoininfonews.com/gate-research-btc-eth-trend-release-phase-etf-inflows-short-covering/,404,,keep_404
https://bitcoininfonews.com/gate-research-crypto-implied-volatility-stays-high-as-gold-and-oil-vol-retreats/,Closest winner still weak: https://bitcoininfonews.com/gate-research-cryptocurrency-implied-volatility-high-gold-oil-retreat/,404,,keep_404
https://bitcoininfonews.com/gate-research-crypto-implied-volatility-stays-high/,Closest winner still weak: https://bitcoininfonews.com/gate-research-cryptocurrency-implied-volatility-high-gold-oil-retreat/,404,,keep_404
https://bitcoininfonews.com/genius-act-stablecoin-rule-proposal-reaches-treasury/,Closest winner still weak: https://bitcoininfonews.com/treasury-genius-act-stablecoin-rulemaking/,404,,keep_404
https://bitcoininfonews.com/goldman-sachs-152m-xrp-etf-50-percent-downside-risk/,Closest winner still weak: https://bitcoininfonews.com/goldman-sachs-xrp-etf-152-million-downside-risk/,404,,keep_404
https://bitcoininfonews.com/goldman-sachs-holds-152m-in-xrp-etf-yet-xrp-faces-50-downside-risk/,Closest winner still weak: https://bitcoininfonews.com/goldman-sachs-xrp-etf-152-million-downside-risk/,404,,keep_404
https://bitcoininfonews.com/goliath-ventures-files-bankruptcy-amid-328-million-crypto-ponzi-allegations/,Closest winner still weak: https://bitcoininfonews.com/goliath-ventures-bankruptcy-328-million-ponzi-scheme/,404,,keep_404
https://bitcoininfonews.com/hashdex-crypto-index-etf-adds-cardano-chainlink-7-assets/,Closest winner still weak: https://bitcoininfonews.com/hashdex-crypto-index-etf-adds-ada-link-seven-assets/,404,,keep_404
https://bitcoininfonews.com/hashdex-crypto-index-etf-adds-cardano-chainlink/,Closest winner still weak: https://bitcoininfonews.com/hashdex-crypto-index-etf-adds-ada-link-seven-assets/,404,,keep_404
https://bitcoininfonews.com/hk-securities-association-head-flags-controversy-over-virtual-asset-brokerage-registration-rules/,Closest winner still weak: https://bitcoininfonews.com/hong-kong-virtual-asset-brokerage-registration-controversy/,404,,keep_404
https://bitcoininfonews.com/hk-securities-association-virtual-asset-brokerage-registration-rules/,Closest winner still weak: https://bitcoininfonews.com/hong-kong-virtual-asset-brokerage-registration-controversy/,404,,keep_404
https://bitcoininfonews.com/i-switched-from-my-bank-app-to-binance-as-my-main-wallet-heres-what-surprised-me/,Closest winner still weak: https://bitcoininfonews.com/switched-bank-app-to-binance-main-wallet/,404,,keep_404
https://bitcoininfonews.com/institutions-rising-energy-prices-are-constraining-rate-cuts-fueling-golds-rally/,Closest winner still weak: https://bitcoininfonews.com/institutions-rising-energy-prices-gold-price-interest-rate-expectations/,404,,keep_404
https://bitcoininfonews.com/institutions-rising-energy-prices-constraining-rate-cuts-fueling-golds-rally/,Closest winner still weak: https://bitcoininfonews.com/institutions-rising-energy-prices-gold-price-interest-rate-expectations/,404,,keep_404
https://bitcoininfonews.com/japan-financial-giant-says-xrp-will-be-very-expensive/,Closest winner still weak: https://bitcoininfonews.com/xrp-will-be-very-expensive-japans-financial-giant-makes-bold-call/,404,,keep_404
https://bitcoininfonews.com/kb-card-partners-with-avalanche-on-hybrid-stablecoin-credit-card-payments/,Closest winner still weak: https://bitcoininfonews.com/kb-card-south-korea-avalanche-hybrid-stablecoin-credit-card-payment-system/,404,,keep_404
https://bitcoininfonews.com/kevin-warsh-fed-chair-nomination-gets-key-u-s-consideration-date/,Closest winner still weak: https://bitcoininfonews.com/kevin-warsh-fed-chair-nomination-key-date-set/,404,,keep_404
https://bitcoininfonews.com/kevin-warsh-fed-chair-nomination-stalls-what-it-means-for-crypto/,Closest winner still weak: https://bitcoininfonews.com/kevin-warsh-fed-chair-nomination-stalled/,404,,keep_404
https://bitcoininfonews.com/major-update-approved-for-surprise-altcoin-what-changes-are-coming/,Closest winner still weak: https://bitcoininfonews.com/major-update-approved-surprise-altcoin-changes/,404,,keep_404
https://bitcoininfonews.com/morgan-stanley-bitcoin-etf-fee-set-at-0-14-lowest-in-market-if-approved/,Closest winner still weak: https://bitcoininfonews.com/morgan-stanley-spot-bitcoin-etf-fee-014-percent/,404,,keep_404
https://bitcoininfonews.com/morgan-stanley-bitcoin-etf-launches-wednesday-what-to-know/,Closest winner still weak: https://bitcoininfonews.com/morgan-stanley-bitcoin-etf-launch-wednesday/,404,,keep_404
https://bitcoininfonews.com/morgan-stanley-spot-bitcoin-etf-may-be-coming-soon-bloomberg-analysts-say/,Closest winner still weak: https://bitcoininfonews.com/morgan-stanley-spot-bitcoin-etf-coming-soon/,404,,keep_404
https://bitcoininfonews.com/morgan-stanleys-amy-oldenburg-says-bitcoin-etf-launch-had-top-first-day-trading/,Closest winner still weak: https://bitcoininfonews.com/morgan-stanley-amy-oldenburg-bitcoin-etf-best-first-day-trading/,404,,keep_404
https://bitcoininfonews.com/naoris-launches-post-quantum-blockchain-as-bitcoin-ethereum-devs-react/,Closest winner still weak: https://bitcoininfonews.com/naoris-post-quantum-blockchain-bitcoin-ethereum-threat/,404,,keep_404
https://bitcoininfonews.com/naoris-launches-post-quantum-blockchain-bitcoin-ethereum-devs-react/,Closest winner still weak: https://bitcoininfonews.com/naoris-post-quantum-blockchain-bitcoin-ethereum-threat/,404,,keep_404
https://bitcoininfonews.com/nyse-cpo-blockchain-will-integrate-into-existing-systems-not-replace-them/,Closest winner still weak: https://bitcoininfonews.com/nyse-cpo-blockchain-integration-existing-systems/,404,,keep_404
https://bitcoininfonews.com/powell-replacement-rumors-bessent/url1,No live winner candidate shared enough tokens.,404,,keep_404_no_candidate
https://bitcoininfonews.com/ripple-clo-praises-sec-crypto-safe-harbor-proposal-as-xrp-rallies/,Closest winner still weak: https://bitcoininfonews.com/ripple-clo-sec-crypto-safe-harbor-xrp/,404,,keep_404
https://bitcoininfonews.com/ripple-clo-praises-sec-crypto-safe-harbor-proposal-xrp-rallies/,Closest winner still weak: https://bitcoininfonews.com/ripple-clo-sec-crypto-safe-harbor-xrp/,404,,keep_404
https://bitcoininfonews.com/ripple-prime-integrates-hyperliquid-hip-3-for-institutional-on-chain-perps/,Closest winner still weak: https://bitcoininfonews.com/ripple-prime-hyperliquid-hip-3-institutional-perpetual-contracts/,404,,keep_404
https://bitcoininfonews.com/ripple-prime-integrates-hyperliquid-hip-3-institutional-on-chain-perps/,Closest winner still weak: https://bitcoininfonews.com/ripple-prime-hyperliquid-hip-3-institutional-perpetual-contracts/,404,,keep_404
https://bitcoininfonews.com/scott-bessent-urges-congress-move-faster-crypto-rules/,Closest winner still weak: https://bitcoininfonews.com/scott-bessent-congress-crypto-regulations/,404,,keep_404
https://bitcoininfonews.com/scott-bessent-urges-congress-to-move-faster-on-crypto-rules/,Closest winner still weak: https://bitcoininfonews.com/scott-bessent-congress-crypto-regulations/,404,,keep_404
https://bitcoininfonews.com/sec-approves-nasdaq-tokenized-settlement-pilot-what-investors-need-to-know/,Closest winner still weak: https://bitcoininfonews.com/sec-nasdaq-tokenized-settlement-pilot/,404,,keep_404
https://bitcoininfonews.com/sec-cftc-joint-crypto-regulations-take-effect/INTERNAL_LINK_1,Closest winner still weak: https://bitcoininfonews.com/unstaked-aims-for-1-by-2027-as-link-slips-and-xmr-climbs/,404,,keep_404
https://bitcoininfonews.com/sec-cftc-joint-crypto-regulations-take-effect/INTERNAL_LINK_2,Closest winner still weak: https://bitcoininfonews.com/whales-buy-9m-link-pepe-steady-while-cold-wallet-eyes-2/,404,,keep_404
https://bitcoininfonews.com/sec-cftc-joint-crypto-regulations-take-effect/INTERNAL_LINK_3,Closest winner still weak: https://bitcoininfonews.com/toncoin-price-drop-below-3/,404,,keep_404
https://bitcoininfonews.com/sec-crypto-enforcement-cases-miss-investor-protection-goals/,Closest winner still weak: https://bitcoininfonews.com/sec-some-crypto-enforcement-cases-fail-to-deliver-investor-protection/,404,,keep_404
https://bitcoininfonews.com/sec-crypto-enforcement-cases-that-miss-investor-protection-goals/,Closest winner still weak: https://bitcoininfonews.com/sec-some-crypto-enforcement-cases-fail-to-deliver-investor-protection/,404,,keep_404
https://bitcoininfonews.com/sec-crypto-safe-harbor-debate-grows-around-token-safe-harbor-proposal-3-0/,Closest winner still weak: https://bitcoininfonews.com/sec-crypto-safe-harbor-proposal-3-filing/,404,,keep_404
https://bitcoininfonews.com/sec-crypto-safe-harbor-debate-grows-around-token-safe-harbor-proposal/,Closest winner still weak: https://bitcoininfonews.com/sec-crypto-safe-harbor-proposal-3-filing/,404,,keep_404
https://bitcoininfonews.com/sec-crypto-safe-harbor-debate-token-safe-harbor-proposal/,Closest winner still weak: https://bitcoininfonews.com/sec-crypto-safe-harbor-proposal-3-filing/,404,,keep_404
https://bitcoininfonews.com/singapore-man-jailed-2-years-for-illegally-transferring-6-5m-in-crypto/,Closest winner still weak: https://bitcoininfonews.com/singapore-man-sentenced-prison-illegal-6-5-million-crypto-transfer/,404,,keep_404
https://bitcoininfonews.com/singapore-man-jailed-illegally-transferring-crypto/,Closest winner still weak: https://bitcoininfonews.com/singapore-man-sentenced-prison-illegal-6-5-million-crypto-transfer/,404,,keep_404
https://bitcoininfonews.com/sol-ada-doge-pull-back-as-bitcoin-holds-above-74k/,Closest winner still weak: https://bitcoininfonews.com/sol-ada-doge-pullback-bitcoin-holds-above-74000-as-asia-recoups-iran-war-losses/,404,,keep_404
https://bitcoininfonews.com/sol-ada-doge-pull-back-bitcoin-holds-above-74k/,Closest winner still weak: https://bitcoininfonews.com/sol-ada-doge-pullback-bitcoin-holds-above-74000-as-asia-recoups-iran-war-losses/,404,,keep_404
https://bitcoininfonews.com/solana-launches-stride-and-strn-after-drift-incident/,Closest winner still weak: https://bitcoininfonews.com/solana-stride-strn-drift-incident-defi-security/,404,,keep_404
https://bitcoininfonews.com/solana-stablecoin-supply-hits-all-time-high-amid-macroeconomic-crisis-fears/,Closest winner still weak: https://bitcoininfonews.com/solana-stablecoin-supply-all-time-high/,404,,keep_404
https://bitcoininfonews.com/solana-stablecoin-supply-hits-all-time-high-macroeconomic-crisis-fears/,Closest winner still weak: https://bitcoininfonews.com/solana-stablecoin-supply-all-time-high/,404,,keep_404
https://bitcoininfonews.com/sp-500-perpetual-contract-hyperliquid/,Closest winner still weak: https://bitcoininfonews.com/sp500-perpetual-contract-hyperliquid-official-license/,404,,keep_404
https://bitcoininfonews.com/strategy-posts-14-5b-unrealized-bitcoin-loss-in-q1/,Closest winner still weak: https://bitcoininfonews.com/strategy-q1-bitcoin-unrealized-loss-14-5-billion/,404,,keep_404
https://bitcoininfonews.com/strive-surpasses-cleanspark-bitcoin-treasury-rankings-adding-317-btc/,Closest winner still weak: https://bitcoininfonews.com/strive-surpasses-cleanspark-bitcoin-treasury-rankings/,404,,keep_404
https://bitcoininfonews.com/t-rowe-price-updates-crypto-etf-as-tradfi-fomo-drives-inflow-surge/,Closest winner still weak: https://bitcoininfonews.com/t-rowe-price-crypto-etf-update-tradfi-inflow-surge/,404,,keep_404
https://bitcoininfonews.com/the-hidden-bitcoin-bottom-signal-most-traders-are-missing/,Closest winner still weak: https://bitcoininfonews.com/hidden-on-chain-signal-bitcoin-bottom/,404,,keep_404
https://bitcoininfonews.com/the-next-fed-chair-has-invested-in-defi-and-solana/,Closest winner still weak: https://bitcoininfonews.com/next-fed-chair-defi-solana/,404,,keep_404
https://bitcoininfonews.com/thena-downtrend-continues-despite-exploit-denial-and-apr-boost/,Closest winner still weak: https://bitcoininfonews.com/thena-downtrend-exploit-denial-apr-increase/,404,,keep_404
https://bitcoininfonews.com/token-unlocks-this-week-12-altcoins-releasing-massive-supply-full-schedule/,Closest winner still weak: https://bitcoininfonews.com/token-unlocks-altcoins-this-week-schedule/,404,,keep_404
https://bitcoininfonews.com/tokenized-stocks-are-being-driven-by-legacy-finance-not-crypto/,Closest winner still weak: https://bitcoininfonews.com/tokenized-stocks-rise-legacy-finance/,404,,keep_404
https://bitcoininfonews.com/tokenized-stocks-driven-legacy-finance-not-crypto/,Closest winner still weak: https://bitcoininfonews.com/tokenized-stocks-rise-legacy-finance/,404,,keep_404
https://bitcoininfonews.com/tom-lee-predicted-crypto-winter-would-end-in-april-is-he-right/,Closest winner still weak: https://bitcoininfonews.com/tom-lee-crypto-winter-end-april-prediction/,404,,keep_404
https://bitcoininfonews.com/tom-lee-says-crypto-bottom-is-in-bullish-on-bitcoin-and-ethereum/,Closest winner still weak: https://bitcoininfonews.com/tom-lee-bottom-is-in-bullish-btc-eth-april-2026/,404,,keep_404
https://bitcoininfonews.com/toncoin-volume-low-bridge-shutdown/source,Closest winner still weak: https://bitcoininfonews.com/vitalik-buterin-open-source-essay/,404,,keep_404
https://bitcoininfonews.com/top-crypto-fundraising-last-week-openfx-leads-with-94m/,Closest winner still weak: https://bitcoininfonews.com/top-crypto-fundraising-last-week-openfx-cross-river-midas/,404,,keep_404
https://bitcoininfonews.com/traders-now-see-better-than-50-chance-fed-rate-hike-2026/,Closest winner still weak: https://bitcoininfonews.com/fed-rate-hike-odds-2026-bitcoin-crypto/,404,,keep_404
https://bitcoininfonews.com/traders-now-see-better-than-50-chance-of-fed-rate-hike-in-2026/,Closest winner still weak: https://bitcoininfonews.com/fed-rate-hike-odds-2026-bitcoin-crypto/,404,,keep_404
https://bitcoininfonews.com/trump-exempts-jones-act-enforcement-curb-high-oil-prices/,Closest winner still weak: https://bitcoininfonews.com/trump-jones-act-exemption-oil-prices/,404,,keep_404
https://bitcoininfonews.com/trump-exempts-jones-act-enforcement-oil-prices/,Closest winner still weak: https://bitcoininfonews.com/trump-jones-act-exemption-oil-prices/,404,,keep_404
https://bitcoininfonews.com/u-s-crypto-etfs-lose-219m-in-one-day-as-fidelity-leads-bitcoin-outflows/,Closest winner still weak: https://bitcoininfonews.com/us-crypto-etf-outflows-219-million-fidelity-bitcoin/,404,,keep_404
https://bitcoininfonews.com/u-s-treasury-to-share-crypto-hacker-warnings-with-sector/,Closest winner still weak: https://bitcoininfonews.com/us-treasury-crypto-sector-hacker-warnings/,404,,keep_404
https://bitcoininfonews.com/ubs-predicts-fed-could-make-first-interest-rate-cut-in-september/,Closest winner still weak: https://bitcoininfonews.com/ubs-fed-interest-rate-cut-september/,404,,keep_404
https://bitcoininfonews.com/us-crypto-etfs-lose-219m-one-day-fidelity-leads-bitcoin-outflows/,Closest winner still weak: https://bitcoininfonews.com/us-crypto-etf-outflows-219-million-fidelity-bitcoin/,404,,keep_404
https://bitcoininfonews.com/us-crypto-spot-market-share-doubles-to-15-in-one-year/,Closest winner still weak: https://bitcoininfonews.com/us-cryptocurrency-spot-market-share-doubles-15-percent/,404,,keep_404
https://bitcoininfonews.com/us-government-moves-bitcoin-linked-to-9-billion-bitfinex-hack/,Closest winner still weak: https://bitcoininfonews.com/us-government-moves-bitcoin-bitfinex-hack/,404,,keep_404
https://bitcoininfonews.com/us-labor-market-weakness-puts-more-pressure-on-crypto/,Closest winner still weak: https://bitcoininfonews.com/us-labor-market-weakness-crypto-feels-growing-pressure/,404,,keep_404
https://bitcoininfonews.com/us-sol-spot-etf-records-2-82m-single-day-net-inflow/,Closest winner still weak: https://bitcoininfonews.com/us-sol-spot-etf-net-inflow-4-64-million-single-day/,404,,keep_404
https://bitcoininfonews.com/us-sol-spot-etf-records-4-64m-net-inflow/,Closest winner still weak: https://bitcoininfonews.com/us-sol-spot-etf-net-inflow-4-64-million-single-day/,404,,keep_404
https://bitcoininfonews.com/us-spot-crypto-etfs-92m-net-outflows-march-20-blackrock-leads-selling/,Closest winner still weak: https://bitcoininfonews.com/us-spot-crypto-etf-outflows-march-20-blackrock/,404,,keep_404
https://bitcoininfonews.com/us-spot-crypto-etfs-post-92-1m-net-outflows-march-20-blackrock-leads-selling/,Closest winner still weak: https://bitcoininfonews.com/us-spot-crypto-etf-outflows-march-20-blackrock/,404,,keep_404
https://bitcoininfonews.com/veteran-financier-recommends-20-crypto-allocation-as-bitcoin-holds-near-71k/,Closest winner still weak: https://bitcoininfonews.com/veteran-financier-20-percent-crypto-allocation-bitcoin-71k/,404,,keep_404
https://bitcoininfonews.com/walmart-onepay-expands-to-13-crypto-tokens-as-blackrock-hunts-350k-digital-assets-chief/,Closest winner still weak: https://bitcoininfonews.com/walmart-onepay-crypto-expansion-blackrock-digital-assets-march-2026/,404,,keep_404
https://bitcoininfonews.com/walmart-owned-onepay-expands-crypto-service-with-10-new-tokens/,Closest winner still weak: https://bitcoininfonews.com/walmart-onepay-adds-crypto-tokens/,404,,keep_404
https://bitcoininfonews.com/war-talk-hits-conflict-era-low-bitcoin/,Closest winner still weak: https://bitcoininfonews.com/bitcoin-price-war-talk-lowest-geopolitical-risk/,404,,keep_404
https://bitcoininfonews.com/war-talk-hits-conflict-era-low-heres-what-it-means-for-bitcoin/,Closest winner still weak: https://bitcoininfonews.com/bitcoin-price-war-talk-lowest-geopolitical-risk/,404,,keep_404
https://bitcoininfonews.com/warren-buffett-says-fed-should-aim-for-zero-inflation/,Closest winner still weak: https://bitcoininfonews.com/warren-buffett-fed-zero-inflation-global-economy/,404,,keep_404
https://bitcoininfonews.com/web3-losses-hit-482-6m-in-q1-2026-as-phishing-exploits-surge/,Closest winner still weak: https://bitcoininfonews.com/web3-losses-482-6-million-q1-2026-phishing-smart-contract-exploits/,404,,keep_404
https://bitcoininfonews.com/why-bitcoin-is-outperforming-gold-right-now-according-to-pompliano/,Closest winner still weak: https://bitcoininfonews.com/bitcoin-outperforming-gold-pompliano-geopolitics/,404,,keep_404
https://bitcoininfonews.com/why-is-bitcoin-price-down-today-btc-tests-below-65000-liquidations-and-key-data/,Closest winner still weak: https://bitcoininfonews.com/why-is-bitcoin-price-down-today/,404,,keep_404
https://bitcoininfonews.com/why-is-bitcoin-price-down-today-btc-tests-below-65000/,Closest winner still weak: https://bitcoininfonews.com/why-is-bitcoin-price-down-today/,404,,keep_404
https://bitcoininfonews.com/why-the-feds-latest-fednow-proposal-could-be-a-major-boost-for-ripple-and-xrp/,Closest winner still weak: https://bitcoininfonews.com/fednow-proposal-major-boost-ripple-xrp-2/,404,,keep_404
https://bitcoininfonews.com/willy-woo-ftx-liquidation-altcoins-underperformed-cycle/,Closest winner still weak: https://bitcoininfonews.com/willy-woo-ftx-liquidation-altcoin-underperformance/,404,,keep_404
https://bitcoininfonews.com/willy-woo-ftx-liquidation-is-why-altcoins-have-underperformed-this-cycle/,Closest winner still weak: https://bitcoininfonews.com/willy-woo-ftx-liquidation-altcoin-underperformance/,404,,keep_404
https://bitcoininfonews.com/wlfi-treasury-drains-stablecoin-pool-what-it-means/,Closest winner still weak: https://bitcoininfonews.com/wlfi-treasury-drained-stablecoin-pool-dry/,404,,keep_404
https://bitcoininfonews.com/x-crypto-launch-teaser-hints-at-x-money-rollout/,Closest winner still weak: https://bitcoininfonews.com/x-teases-new-crypto-launch-fix-market/,404,,keep_404
https://bitcoininfonews.com/x-crypto-launch-teaser-hints-x-money-rollout/,Closest winner still weak: https://bitcoininfonews.com/x-teases-new-crypto-launch-fix-market/,404,,keep_404
https://bitcoininfonews.com/xrp-bear-flag-pattern-points-to-18-price-breakdown/,Closest winner still weak: https://bitcoininfonews.com/xrp-bear-flag-18-percent-breakdown/,404,,keep_404
https://bitcoininfonews.com/xrp-beats-bitcoin-ethereum-south-korea-volume-spikes-115-percent/,Closest winner still weak: https://bitcoininfonews.com/xrp-beats-bitcoin-ethereum-south-korea-volume-spike/,404,,keep_404
https://bitcoininfonews.com/xrp-bullish-reversal-3-factors-shib-night-struggle/,Closest winner still weak: https://bitcoininfonews.com/xrp-bullish-reversal-factors-shib-downtrend-night-support/,404,,keep_404
https://bitcoininfonews.com/xrp-etf-decision-nears-sec-review-could-unlock-8b-in-inflows/,Closest winner still weak: https://bitcoininfonews.com/xrp-etf-decision-sec-review/,404,,keep_404
https://bitcoininfonews.com/xrp-etf-flows-hit-120m-binance-users-add-181b-shib-schiff-on-bitcoin/,Closest winner still weak: https://bitcoininfonews.com/xrp-etf-flows-binance-shib-peter-schiff-bitcoin-morning-crypto-report/,404,,keep_404
https://bitcoininfonews.com/xrp-etf-inflows-hit-11-75m-in-strongest-week-since-february/,Closest winner still weak: https://bitcoininfonews.com/xrp-strongest-etf-week-since-february-1175m-inflows/,404,,keep_404
https://bitcoininfonews.com/xrp-gains-commodity-status-as-etf-momentum-points-to-5-5/,Closest winner still weak: https://bitcoininfonews.com/xrp-commodity-status-etf-momentum-price-target-5-5/,404,,keep_404
https://bitcoininfonews.com/xrp-gains-commodity-status-etf-momentum-points-5-5/,Closest winner still weak: https://bitcoininfonews.com/xrp-commodity-status-etf-momentum-price-target-5-5/,404,,keep_404
https://bitcoininfonews.com/xrp-open-interest-rises-as-traders-position-for-sec-etf-ruling/,Closest winner still weak: https://bitcoininfonews.com/xrp-open-interest-derivatives-sec-etf-verdict/,404,,keep_404
https://bitcoininfonews.com/xrp-price-falls-after-ripple-and-sec-file-for-settlement-heres-why/,Closest winner still weak: https://bitcoininfonews.com/xrp-price-falters-ripple-sec-settlement/,404,,keep_404
https://bitcoininfonews.com/xrp-price-falls-as-spot-etf-flows-turn-negative/,Closest winner still weak: https://bitcoininfonews.com/xrp-price-weakens-etf-flows-negative/,404,,keep_404
https://bitcoininfonews.com/xrp-price-falls-spot-etf-flows-turn-negative/,Closest winner still weak: https://bitcoininfonews.com/xrp-price-weakens-etf-flows-negative/,404,,keep_404
https://bitcoininfonews.com/xrp-price-prediction-can-xrp-reach-1000-by-2030/,Closest winner still weak: https://bitcoininfonews.com/xrp-price-prediction-1000-by-2030-bitcoin-market-cap/,404,,keep_404
https://bitcoininfonews.com/xrp-quantum-risk-exposure-tops-bitcoins-defense/,Closest winner still weak: https://bitcoininfonews.com/xrp-gains-edge-over-bitcoin-in-quantum-risk-exposure/,404,,keep_404
https://bitcoininfonews.com/xrp-spot-etf-data-released-has-the-1-billion-xrp-target-been-reached/,Closest winner still weak: https://bitcoininfonews.com/xrp-spot-etf-data-1-billion-xrp-target/,404,,keep_404
https://bitcoininfonews.com/xrp-spot-etf-experiences-significant-outflow-what-it-means/,Closest winner still weak: https://bitcoininfonews.com/xrp-spot-etf-significant-outflow/,404,,keep_404
https://bitcoininfonews.com/xrp-supply-binance-rises-price-falls-structure-points-new-lows/,Closest winner still weak: https://bitcoininfonews.com/xrp-exchange-supply-binance-rising-price-falls-new-lows/,404,,keep_404
https://bitcoininfonews.com/xrp-supply-on-binance-rises-as-price-falls-structure-points-to-new-lows/,Closest winner still weak: https://bitcoininfonews.com/xrp-exchange-supply-binance-rising-price-falls-new-lows/,404,,keep_404
https://bitcoininfonews.com/xrp-vs-bitcoin-which-faces-bigger-quantum-computer-risks/,Closest winner still weak: https://bitcoininfonews.com/xrp-vs-bitcoin-quantum-computer-threats-experts-views/,404,,keep_404
