id,source,matching,destination,type,category,status,ignore
334,2k-to-120k-top-new-meme-coins-to-buy-and-hold-for-short-term-snag-btfd-at-0-0002-with-2x-bonus-while-shib-and-ai16z-cool-off/,exact,DELETE,301,,active,
335,3-top-new-meme-coins-to-join-today-btfds-final100-bonus-and-200-roi-window-closes-soon-shib-and-doge-already-booming/,exact,DELETE,301,,active,
336,5-top-new-meme-coins-to-join-today-btfd-coin-set-to-launch-may-27-heres-why-shib-mog-and-others-are-trending-too/,exact,DELETE,301,,active,
337,65m-coins-for-6-5k-btfds-final100-bonus-is-unmissable-best-new-meme-coins-to-join-this-month-amid-pengus-comeback-and-spx-dips/,exact,DELETE,301,,active,
338,best-new-meme-coins-for-significant-returns-btfd-cheems-sudeng-updates/,exact,DELETE,301,,active,
339,best-new-meme-coins-for-significant-returns-btfd-coin-doge-and-shib-updates/,exact,DELETE,301,,active,
340,btfd-coin-btfd-is-the-best-new-meme-coin-to-join-today-and-its-about-to-explode/,exact,DELETE,301,,active,
341,btfd-hits-11900-holders-final-call-for-2x-coins-top-new-meme-coins-to-buy-this-week-as-fartcoin-spikes-and-memecoin-struggles/,exact,DELETE,301,,active,
342,btfd-slerf-and-simons-cat-top-new-meme-coins-to-join-today/,exact,DELETE,301,,active,
343,is-8900-roi-really-possible-btfd-cheems-sudeng-best-new-meme-coins-for-significant-returns/,exact,DELETE,301,,active,
344,missed-peanut-the-squirrels-early-run-btfd-coins-final200-bonus-and-0-0002-presale-offer-12000-bulls-a-shot-at-900k-from-10k/,exact,DELETE,301,,active,
345,missed-wif-when-it-was-dirt-cheap-btfd-coins-final-presale-window-closes-may-26-get-in-now-at-0-0002-for-a-shot-at-2900-roi-post-launch/,exact,DELETE,301,,active,
346,moodengs-moon-is-history-but-btfd-at-0-0002-is-still-the-best-new-meme-coin-to-join-for-short-term-with-limited-100-bonus/,exact,DELETE,301,,active,
347,no-do-overs-after-may-26-btfds-presale-exit-nears-with-mew-goat-and-more-lining-up-among-the-4-best-meme-coins-to-invest-in-now/,exact,DELETE,301,,active,
348,official-trumps-75-ath-is-history-dont-miss-btfd-coins-8900-roi-potential-and-explosive-presale-before-may-26/,exact,DELETE,301,,active,
349,presale-ends-soon-5-best-cryptos-to-buy-with-btfds-6-58m-surge-and-top-meme-coin-movers-floki-and-pnut/,exact,DELETE,301,,active,
350,top-new-meme-coins-to-buy-and-hold-for-short-term-btfd-turbo-and-pengu-insights/,exact,DELETE,301,,active,
351,top-new-meme-coins-to-buy-this-week-why-btfds-2x-tokens-deal-beats-waiting-for-giga-and-apu-moves-act-before-may-26/,exact,DELETE,301,,active,
352,top-new-meme-coins-to-join-this-week-btfd-turbo-memecoin-updates/,exact,DELETE,301,,active,
353,why-btfds-0-0002-presale-could-89x-fast-top-new-meme-coins-to-buy-and-hold-for-short-term-as-toshi-and-pengu-pump/,exact,DELETE,301,,active,
354,2025s-biggest-presale-showdown-pepenode-vs-maxidoge-vs-blockdag/,exact,DELETE,301,,active,
355,4-highest-roi-cryptos-in-2025-eth-bnb-blockdag-or-ada/,exact,DELETE,301,,active,
356,4-top-crypto-gems-to-buy-now-eth-blockdag-sol-ada/,exact,DELETE,301,,active,
357,4-top-presale-crypto-picks-for-2025-blockdag-maxi-doge-snorter-bot-spacepay/,exact,DELETE,301,,active,
358,aave-slows-litecoin-steady-blockdag-turns-435m-presale-hot/,exact,DELETE,301,,active,
359,aave-struggles-at-329-shib-trading-jumps-blockdag-delivers-2900-roi/,exact,DELETE,301,,active,
360,ada-and-sol-slow-down-while-blockdag-dominates-with-388m-presale/,exact,DELETE,301,,active,
361,ada-bullish-setup-dot-climbs-higher-bdags-375m-presale-signals-momentum/,exact,DELETE,301,,active,
362,ada-rallies-aave-jumps-blockdag-buyer-battles-fuel-342m-presale/,exact,DELETE,301,,active,
363,algorand-bullish-run-and-xrps-market-moves-contrast-with-blockdags-379m-presale/,exact,DELETE,301,,active,
364,alphapepes-120k-meme-buzz-vs-blockdags-almost-410m-presale/,exact,DELETE,301,,active,
365,apt-expands-dev-base-avax-scales-upgrades-blockdag-crosses-410m-in-presale/,exact,DELETE,301,,active,
366,arb-holds-0-30-ada-eyes-1-while-blockdags-0-0015-entry-massive-roi-are-crowned-best-performing-crypto-today/,exact,DELETE,301,,active,
367,aster-bnb-momentum-blockdags-420m-presale-surge/,exact,DELETE,301,,active,
368,avalanche-avax-price-forecast-vechain-vet-price-prediction-and-blockdags-386m-presale-momentum/,exact,DELETE,301,,active,
369,avax-eyes-26-sol-shows-strength-blockdags-presale-booms-past-332m/,exact,DELETE,301,,active,
370,avax-eyes-30-doge-holds-steady-blockdag-achieves-223m-presale-2520-roi/,exact,DELETE,301,,active,
371,avax-ondo-surge-while-blockdags-433m-green-pow-presale-dominates-top-crypto-to-buy-conversations/,exact,DELETE,301,,active,
372,bch-rebounds-to-580-bnb-eyes-1400-but-blockdags-430m-presale-explodes-as-tge-code-fuels-demand/,exact,DELETE,301,,active,
373,bdag-eye-3025-roi-pepe-price-analysis-tao-rises/,exact,DELETE,301,,active,
374,bdag-leads-best-crypto-to-buy-today-surpassing-trx-wld/,exact,DELETE,301,,active,
375,bdag-referral-program-gains-ground-as-bnb-price-prediction-xlm-show-strength/,exact,DELETE,301,,active,
376,bdag-surges-to-336m-leaving-kaanchs-post-presale-stumble-in-the-dust/,exact,DELETE,301,,active,
377,bdags-430m-presale-binance-ama-steal-ada-doge-spotlight/,exact,DELETE,301,,active,
378,bdags-presale-grows-eth-etf-inflows-rise-sol-targets-1k/,exact,DELETE,301,,active,
379,best-altcoins-to-buy-now-bdag-sui-xrp-bonk-gaining-buzz/,exact,DELETE,301,,active,
380,best-altcoins-to-buy-now-blockdag-ada-hype-eth-steal-the-spotlight/,exact,DELETE,301,,active,
381,best-altcoins-to-buy-now-blockdag-ethereum-chainlink-cardano-set-the-stage-for-explosive-growth/,exact,DELETE,301,,active,
382,best-crypto-coin-to-buy-now-blockdag-chainlink-stellar-tron-compared/,exact,DELETE,301,,active,
383,best-crypto-investment-for-2025-blockdag-presale-beats-avalanche-litecoin-xrp/,exact,DELETE,301,,active,
384,best-crypto-presale-2025-blockdag-bitcoin-hyper-little-pepe-remittix-backed-by-real-tech/,exact,DELETE,301,,active,
385,best-crypto-presale-2025-why-blockdag-tops-the-list-over-sol-trx-and-sei/,exact,DELETE,301,,active,
386,best-crypto-presale-projects-2025-blockdag-hyper-best-layer-brett/,exact,DELETE,301,,active,
387,best-crypto-presales-to-buy-blockdag-surges-ahead-as-the-top-crypto-to-invest-in/,exact,DELETE,301,,active,
388,best-crypto-to-buy-for-2025-blockdag-filecoin-vet-link/,exact,DELETE,301,,active,
389,best-crypto-to-buy-in-2025-blockdag-ethereum-cardano-solana/,exact,DELETE,301,,active,
390,best-crypto-to-buy-now-blockdag-dogecoin-pepe-shiba-inu-show-strong-momentum/,exact,DELETE,301,,active,
391,best-crypto-to-buy-now-blockdag-vs-xrp-pepe-price-action/,exact,DELETE,301,,active,
392,best-crypto-to-buy-now-blockdags-no-vesting-pass-offers-100-launch-access/,exact,DELETE,301,,active,
393,best-crypto-to-buy-now-why-aptos-hedera-ondo-blockdag-are-heating-up-in-2025/,exact,DELETE,301,,active,
394,best-crypto-to-buy-right-now-blockdag-chainlink-aave-cardano/,exact,DELETE,301,,active,
395,best-crypto-to-buy-today-blockdag-chainlink-stellar-cardano-lead/,exact,DELETE,301,,active,
396,best-cryptos-to-buy-now-blockdag-doge-shib-pepe-surge-in-popularity/,exact,DELETE,301,,active,
397,best-cryptos-to-buy-now-blockdag-ltc-ton-fil-updates-for-2025/,exact,DELETE,301,,active,
398,best-high-roi-crypto-2025-blockdag-stellar-dogecoin-avalanche/,exact,DELETE,301,,active,
399,best-long-term-cryptos-of-2025-blockdag-tao-rndr-near-price-predictions/,exact,DELETE,301,,active,
400,best-long-term-cryptos-to-buy-now-bdag-xrp-doge-shib/,exact,DELETE,301,,active,
401,best-presale-crypto-2025-blockdag-blockchainfx-snorter-little-pepe/,exact,DELETE,301,,active,
402,best-presale-crypto-2025-comparing-blockdag-bitcoin-hyper-remittix-blockchainfx/,exact,DELETE,301,,active,
403,best-presale-crypto-in-2025-blockdag-nears-600m-as-tapzi-blockchainfx-lag-behind/,exact,DELETE,301,,active,
404,best-presale-crypto-to-buy-now-blockdags-415m-bwt-alpine-deal-tops-blockchainfx-and-ozak-ai/,exact,DELETE,301,,active,
405,best-presale-cryptos-of-2025-blockdag-blockchainfx-based-eggman-more/,exact,DELETE,301,,active,
406,bitcoin-hyper-surge-vs-blockdags-341m-presale-breakthrough/,exact,DELETE,301,,active,
407,blockchainfx-presale-gains-steam-ozak-ai-climbs-while-blockdag-hits-374m/,exact,DELETE,301,,active,
408,blockdag-0-0013-presale-surges-as-pepe-price-prediction-weakens-sei-struggles/,exact,DELETE,301,,active,
409,blockdag-2025-mining-referrals-and-rewards-driving-roi/,exact,DELETE,301,,active,
410,blockdag-3-025-roi-leads-as-fil-rallies-and-near-protocol-expands/,exact,DELETE,301,,active,
411,blockdag-386m-presale-outshines-worldcoin-and-shiba-inu/,exact,DELETE,301,,active,
412,blockdag-387m-presale-surpasses-pi-and-xrp-as-2025s-best-crypto-investment/,exact,DELETE,301,,active,
413,blockdag-405m-presale-over-19800-miners-singapore-event-outshine-eth-sol/,exact,DELETE,301,,active,
414,blockdag-414m-presale-tops-eth-bnb-price-moves/,exact,DELETE,301,,active,
415,blockdag-433m-presale-limited-0-0015-price-entry-beat-bittensor-pepes-q4-price-movements/,exact,DELETE,301,,active,
416,blockdag-bitcoin-hyper-snorter-blockchainfx-dominate-the-top-crypto-presales/,exact,DELETE,301,,active,
417,blockdag-bwt-alpine-f1-deal-drives-420m-presale-momentum/,exact,DELETE,301,,active,
418,blockdag-chainlink-avalanche-cardano-top-crypto-to-buy-now/,exact,DELETE,301,,active,
419,blockdag-dashboard-v4-redefines-market-buzz-outshining-algorand-price-prediction-and-kaspa-price-outlook/,exact,DELETE,301,,active,
420,blockdag-edges-toward-600m-presale-the-best-crypto-to-grab-before-its-gone/,exact,DELETE,301,,active,
421,blockdag-ena-trx-market-update-best-crypto-to-buy-today/,exact,DELETE,301,,active,
422,blockdag-f1-deal-415m-presale-lead-over-hbar-xrp-in-2025/,exact,DELETE,301,,active,
423,blockdag-hits-260m-presale-as-uni-drops-hype-climbs-260/,exact,DELETE,301,,active,
424,blockdag-hits-346m-presale-with-no-vesting-miner-boom/,exact,DELETE,301,,active,
425,blockdag-hits-356m-in-presale-as-token6900-climbs-on-meme-appeal/,exact,DELETE,301,,active,
426,blockdag-hits-386m-in-presale-outruns-avalanche-aptos/,exact,DELETE,301,,active,
427,blockdag-hits-over-405m-presale-yet-0-0013-price-holds-strong/,exact,DELETE,301,,active,
428,blockdag-hyperliquid-xrp-tron-best-crypto-to-buy-now-for-smart-2025-gains/,exact,DELETE,301,,active,
429,blockdag-leads-as-best-crypto-to-buy-in-2025-vs-aave-doge/,exact,DELETE,301,,active,
430,blockdag-leads-presale-over-little-pepe-pepenode-with-312k-holders/,exact,DELETE,301,,active,
431,blockdag-leaks-show-435m-presale-and-exchange-deals/,exact,DELETE,301,,active,
432,blockdag-nearly-400m-presale-avax-momentum-ondo-price-insights/,exact,DELETE,301,,active,
433,blockdag-nears-410m-presale-as-eth-and-xrp-lose-strength/,exact,DELETE,301,,active,
434,blockdag-presale-0-0013-lock-creates-urgent-advantage/,exact,DELETE,301,,active,
435,blockdag-presale-0-0013-locked-price-as-best-crypto-entry/,exact,DELETE,301,,active,
436,blockdag-presale-booms-as-hype-sui-prep-for-breakouts/,exact,DELETE,301,,active,
437,blockdag-presale-could-deliver-30000x-roi-best-crypto-to-buy-in-2025/,exact,DELETE,301,,active,
438,blockdag-presale-growth-shib-price-performance-sol-price-momentum-analysis/,exact,DELETE,301,,active,
439,blockdag-presale-hits-323m-is-it-the-top-crypto-to-buy-in-2025/,exact,DELETE,301,,active,
440,blockdag-presale-hits-403m-as-xrp-and-pepe-face-doubts/,exact,DELETE,301,,active,
441,blockdag-presale-nears-420m-echoing-ethereum-kaspa/,exact,DELETE,301,,active,
442,blockdag-presale-races-to-600m-top-crypto-to-buy-in-2025/,exact,DELETE,301,,active,
443,blockdag-presale-surge-dogecoin-price-performance-injective-price-analysis/,exact,DELETE,301,,active,
444,blockdag-raised-430m-in-presale-redefining-the-future-of-crypto/,exact,DELETE,301,,active,
445,blockdag-raises-325m-in-presale-launches-100m-bdag-airdrop-campaign/,exact,DELETE,301,,active,
446,blockdag-reaches-367m-top-crypto-presale-with-12499x-roi/,exact,DELETE,301,,active,
447,blockdag-review-376m-presale-layer-1-builds-ecosystem-early-before-its-2025-mainnet-launch/,exact,DELETE,301,,active,
448,blockdag-review-376m-presale-layer-1-gears-up-for-mainnet/,exact,DELETE,301,,active,
449,blockdag-rewards-fuel-record-presale-as-hbar-rises-and-algo-signals-build/,exact,DELETE,301,,active,
450,blockdag-skyrockets-with-2380-roi-as-aaves-4m-buyback-and-kaspas-activity-struggle-to-keep-pace/,exact,DELETE,301,,active,
451,blockdag-soars-with-2380-roi-while-pi-coin-mantra-compete-for-2025-momentum/,exact,DELETE,301,,active,
452,blockdag-solana-sui-cardano-best-altcoins-to-buy-now/,exact,DELETE,301,,active,
453,blockdag-surges-past-sui-and-link-with-2520-roi/,exact,DELETE,301,,active,
454,blockdag-the-ethereum-compatible-chain-redefining-crypto-coins-to-buy-now/,exact,DELETE,301,,active,
455,blockdag-transparency-leads-as-ltc-price-prediction-eth-price-today-show-measurable-growth/,exact,DELETE,301,,active,
456,blockdag-vs-bittensor-what-crypto-to-invest-in-for-growth-high-roi/,exact,DELETE,301,,active,
457,blockdag-vs-filecoin-presale-momentum-vs-infrastructure/,exact,DELETE,301,,active,
458,blockdag-vs-maxi-subbd-and-hyper-the-2025-presale-faceoff/,exact,DELETE,301,,active,
459,blockdag-vs-polygon-hedera-best-crypto-to-buy-2025/,exact,DELETE,301,,active,
460,blockdag-vs-shib-and-pi-which-new-crypto-to-invest-in-offers-real-utility-early-roi/,exact,DELETE,301,,active,
461,blockdags-0-0015-tge-access-nears-closure-as-pepenode-xrp-tundra-trail-behind-in-2025s-best-crypto-presales/,exact,DELETE,301,,active,
462,blockdags-0-0276-presale-380m-milestone-overshadow-hedera-and-pi-network-weakness/,exact,DELETE,301,,active,
463,blockdags-20-cex-listings-eclipse-remittixs-presale-buzz/,exact,DELETE,301,,active,
464,blockdags-25-referral-rewards-supercharge-presale-1m-raised-in-24-hours-as-total-crosses-222-5m/,exact,DELETE,301,,active,
465,blockdags-250-referral-bonus-and-376m-presale-outshine-stellar-and-sui/,exact,DELETE,301,,active,
466,blockdags-255m-presale-leads-as-shib-holds-and-sui-eyes-5-30/,exact,DELETE,301,,active,
467,blockdags-3025-surge-signals-a-good-crypto-to-buy-now/,exact,DELETE,301,,active,
468,blockdags-335m-presale-shib-30-rally-sui-reacts-to-supply-shift/,exact,DELETE,301,,active,
469,blockdags-348m-presale-live-x10-miner-demo-eclipse-little-pepe-coin-buzz/,exact,DELETE,301,,active,
470,blockdags-363m-presale-pushes-ahead-of-sui-link-in-trending-crypto-news/,exact,DELETE,301,,active,
471,blockdags-374-5m-presale-and-dashboard-v4-put-it-ahead-of-hyperliquid-fee-surge-and-sei-breakout/,exact,DELETE,301,,active,
472,blockdags-374-5m-presale-buyer-battles-put-it-ahead-of-the-ondo-price-surge-xrp-price-outlook/,exact,DELETE,301,,active,
473,blockdags-375m-presale-upstages-pudgy-penguins-and-okb-in-explosive-crypto-market-shift/,exact,DELETE,301,,active,
474,blockdags-379m-presale-20-target-put-it-ahead-of-uni-stellar-for-higher-returns/,exact,DELETE,301,,active,
475,blockdags-381m-presale-20-listings-and-19350-miners-sold-while-ondo-and-solana-show-strength/,exact,DELETE,301,,active,
476,blockdags-385m-presale-beats-trx-gains-shib-whale-buzz/,exact,DELETE,301,,active,
477,blockdags-386m-presale-surge-outshines-xrp-rally-avax-etf-buzz/,exact,DELETE,301,,active,
478,blockdags-387m-presale-beats-bitcoin-swift-and-blockchainfx/,exact,DELETE,301,,active,
479,blockdags-388m-presale-vs-remittixs-21-3m-raise-which-crypto-has-the-real-edge/,exact,DELETE,301,,active,
480,blockdags-420m-presale-and-alpine-f1-deal-put-it-among-top-crypto-gainers/,exact,DELETE,301,,active,
481,blockdags-425m-presale-tge-airdrop-rewards-live-testnet-progress-leaves-nexchains-ai-buzz-behind/,exact,DELETE,301,,active,
482,blockdags-430m-presale-builds-toward-genesis-day-as-cardano-fet-eye-q4-rebounds/,exact,DELETE,301,,active,
483,blockdags-430m-presale-surges-ahead-of-binance-ama-while-ada-doge-fight-for-momentum/,exact,DELETE,301,,active,
484,blockdags-430m-presale-tge-code-20-listings-outshine-plasma-and-bnb-in-top-crypto-buys/,exact,DELETE,301,,active,
485,blockdags-430m-tge-code-surge-and-alpine-f1-deal-put-it-ahead-of-worldcoin-and-xrp-as-the-best-crypto-to-buy-today/,exact,DELETE,301,,active,
486,blockdags-433m-presale-2940-roi-put-it-ahead-of-solana-xrp-chainlink-as-2025s-top-crypto-project/,exact,DELETE,301,,active,
487,blockdags-433m-presale-evm-integration-position-it-as-2025s-top-crypto-while-xrp-rises-fil-faces-market-challenges/,exact,DELETE,301,,active,
488,blockdags-435m-presale-coinbase-kraken-leak-could-make-it-the-top-crypto-of-2025/,exact,DELETE,301,,active,
489,blockdags-435m-presale-new-value-era-lead-in-q4-while-hbar-etf-boosts-institutions-zcash-faces-pullback/,exact,DELETE,301,,active,
490,blockdags-435m-presale-surges-as-link-tao-rally/,exact,DELETE,301,,active,
491,blockdags-600m-presale-focuses-on-utility-builders-liquidity/,exact,DELETE,301,,active,
492,blockdags-600m-presale-sets-new-standard-as-sol-and-avax-look-back/,exact,DELETE,301,,active,
493,blockdags-almost-400m-presale-and-dashboard-v4-outshine-suis-drop-and-litecoins-slow-growth/,exact,DELETE,301,,active,
494,blockdags-mainnet-push-ethenas-defi-buzz-and-vechains-key-levels-make-the-battle-for-the-best-crypto-to-buy-now-heat-up/,exact,DELETE,301,,active,
495,blockdags-nearly-410m-presale-leaves-bnb-and-pi-behind/,exact,DELETE,301,,active,
496,blockdags-nearly-410m-presale-outshines-bitcoin-hyper-lyno-ai/,exact,DELETE,301,,active,
497,blockdags-presale-hits-317m-stellar-worldcoin-drop/,exact,DELETE,301,,active,
498,blockdags-presale-hits-336m-and-little-pepes-stage-3-presale-gains/,exact,DELETE,301,,active,
499,blockdags-presale-hits-337m-toncoin-ondo-turn-bullish/,exact,DELETE,301,,active,
500,blockdags-presale-hits-410m-while-pi-stalls-and-pudgy-rallies/,exact,DELETE,301,,active,
501,blockdags-presale-nears-end-kaspa-rises-pump-falls/,exact,DELETE,301,,active,
502,blockdags-referral-program-revealed-why-its-the-best-crypto-to-buy-now-in-2025/,exact,DELETE,301,,active,
503,blockdags-roi-sports-deals-and-no-vesting-access/,exact,DELETE,301,,active,
504,blockdags-sports-deals-could-fuel-a-major-2025-bull-run-crypto-presale-insights/,exact,DELETE,301,,active,
505,blockdags-testnet-launch-highlights-1625-roi-can-ada-catch-up/,exact,DELETE,301,,active,
506,blockdags-value-era-begins-buyers-favour-bdag-over-shibs-hype-solanas-volatility-as-presale-crosses-435m/,exact,DELETE,301,,active,
507,bnb-and-uniswap-face-challenges-while-blockdag-nears-420m-presale-confirms-20-listings/,exact,DELETE,301,,active,
508,bnb-eyes-1k-eth-sees-inflows-blockdag-hits-410m-in-presale/,exact,DELETE,301,,active,
509,bnb-price-slows-sol-faces-doubts-blockdag-presale-nears-420m/,exact,DELETE,301,,active,
510,bnb-surges-solana-targets-300-but-blockdags-430m-presale-binance-ama-set-the-standard-for-2025s-top-crypto-revolution/,exact,DELETE,301,,active,
511,bonk-wlfi-gain-strength-yet-blockdags-almost-435m-presale-surge-exchange-leaks-cause-massive-buying-frenzy/,exact,DELETE,301,,active,
512,bullish-crypto-2025-blockdag-36x-roi-stellar-ondo-finance-hyperliquid/,exact,DELETE,301,,active,
513,bwt-alpine-f1-team-sponsorship-pushes-blockdag-past-maxi-doge-bfx-presales/,exact,DELETE,301,,active,
514,cardano-price-prediction-shaky-link-stalls-while-blockdag-raises-420m/,exact,DELETE,301,,active,
515,chainlink-price-prediction-hits-36-hype-targets-46-while-blockdag-gains-real-world-momentum/,exact,DELETE,301,,active,
516,dogecoin-chart-pattern-vs-fet-momentum-vs-blockdag-roi/,exact,DELETE,301,,active,
517,dogecoins-1-ambition-solanas-230-test-fuel-buzz-yet-blockdags-430m-presale-headlines-as-the-best-crypto-right-now/,exact,DELETE,301,,active,
518,eth-ada-turn-bullish-but-traders-choose-blockdags-435m-presale-after-major-coinbase-kraken-leak/,exact,DELETE,301,,active,
519,eth-eyes-3470-uni-holds-9-blockdags-no-vesting-pass-ignites-343m-presale/,exact,DELETE,301,,active,
520,eth-faces-queue-ada-tests-support-blockdag-presale-gains-fast/,exact,DELETE,301,,active,
521,eth-gains-steam-cardano-eyes-recovery-blockdags-presale-hits-298m/,exact,DELETE,301,,active,
522,eth-pushes-up-shib-volume-dips-bdag-presale-jumps-to-226m-with-buyer-battles/,exact,DELETE,301,,active,
523,ethena-dips-xrp-outlook-rises-blockdag-ignites-token2049-with-0-03-presale/,exact,DELETE,301,,active,
524,ethereum-nears-4250-uniswap-rallies-4-but-blockdags-430m-presale-surge-dominates-2025-which-is-the-best-long-term-crypto/,exact,DELETE,301,,active,
525,ethereum-price-target-wlfi-token-price-blockdags-76815-roi/,exact,DELETE,301,,active,
526,ethereum-struggles-below-4k-litecoin-slides-toward-90-and-blockdags-430m-presale-heats-up-before-genesis-day/,exact,DELETE,301,,active,
527,explore-blockdags-0-005-presale-momentum-as-sui-etf-gains-traction-and-cardano-price-setup-stalls/,exact,DELETE,301,,active,
528,fet-loses-momentum-tron-stays-solid-while-blockdags-434m-presale-becomes-octobers-biggest-crypto-story/,exact,DELETE,301,,active,
529,fil-xrp-stall-while-bdags-referral-system-makes-it-the-best-crypto-to-buy/,exact,DELETE,301,,active,
530,from-pow-to-dag-blockdags-almost-435m-presale-is-leading-the-next-generation-of-scalable-blockchain-systems/,exact,DELETE,301,,active,
531,from-presale-giant-to-global-stage-blockdags-next-move-revealed-on-binance/,exact,DELETE,301,,active,
532,from-testnet-to-profit-potential-why-bdag-stands-out-as-the-best-crypto-to-buy-now/,exact,DELETE,301,,active,
533,good-crypto-to-buy-now-2025-blockdag-arbitrum-hedera-stellar/,exact,DELETE,301,,active,
534,good-crypto-to-buy-now-blockdag-polygon-chainlink-toncoin/,exact,DELETE,301,,active,
535,good-cryptos-to-buy-now-blockdag-bnb-solana-pi-network/,exact,DELETE,301,,active,
536,hbar-defies-bearish-odds-doge-struggles-blockdag-unlocks-2531-roi/,exact,DELETE,301,,active,
537,hedera-hbar-price-trend-pengu-price-drop-and-blockdags-396m-presale-frenzy/,exact,DELETE,301,,active,
538,hedera-hbar-price-trend-pengu-price-drop-and-blockdags-600m-presale-surge/,exact,DELETE,301,,active,
539,highest-roi-cryptos-in-2025-blockdag-mnt-avax-link-catch-fire/,exact,DELETE,301,,active,
540,how-blockdags-x-series-miners-referral-program-drive-373m-presale-growth/,exact,DELETE,301,,active,
541,hype-eyes-54-worldcoin-rallies-blockdags-presale-hits-405m/,exact,DELETE,301,,active,
542,hyperliquid-rebounds-kaspa-extends-gains-and-blockdags-presale-soars-past-435m-ahead-of-genesis-day/,exact,DELETE,301,,active,
543,insights-on-vechain-outlook-pi-coin-price-moves-bdags-presale-boom/,exact,DELETE,301,,active,
544,is-blockdag-2025s-top-crypto-coin-20-cex-listings-and-2400-roi-potential-ahead/,exact,DELETE,301,,active,
545,link-drives-defi-avax-updates-bdags-405m-presale-sets-records/,exact,DELETE,301,,active,
546,litecoin-cardano-price-trends-vs-blockdags-368m-presale-surge/,exact,DELETE,301,,active,
547,litecoin-eyes-etf-boost-ethena-holds-steady-while-blockdags-over-435m-presale-and-3-5m-miners-redefine-crypto-growth/,exact,DELETE,301,,active,
548,litecoin-rebounds-bnb-rallies-toward-1300-and-blockdags-tge-code-pushes-presale-past-430m/,exact,DELETE,301,,active,
549,ltc-holds-118-doge-eyes-0-39-blockdag-dominates-with-420m-presale/,exact,DELETE,301,,active,
550,most-popular-crypto-picks-blockdag-tron-solana-chainlink-price-news-presale-update/,exact,DELETE,301,,active,
551,near-climbs-toward-3-trump-coin-rallies-blockdag-dominates-with-379m-presale/,exact,DELETE,301,,active,
552,new-crypto-presales-blockdag-dragoin-cold-wallet-web3-ai-web3bay-unstaked/,exact,DELETE,301,,active,
553,next-crypto-to-explode-in-2025-blockdag-arbitrum-stellar-mantle-among-top-cryptos-to-buy-now/,exact,DELETE,301,,active,
554,pengu-eyes-0-082-atom-stumbles-blockdag-presale-hits-374m/,exact,DELETE,301,,active,
555,pengu-price-chart-toncoin-ton-price-drop-and-blockdag-compared-top-trending-crypto-with-massive-roi/,exact,DELETE,301,,active,
556,pengu-price-drops-kaspa-slows-down-while-blockdags-430m-presale-marks-it-as-the-crypto-with-the-most-potential/,exact,DELETE,301,,active,
557,pepe-price-stalls-sei-target-splits-as-blockdags-almost-410m-presale-gains/,exact,DELETE,301,,active,
558,pi-coin-forecast-hyperliquid-analysis-and-blockdags-386m-presale-momentum/,exact,DELETE,301,,active,
559,pi-holds-0-35-vechain-stalls-blockdags-385m-presale-and-sports-push-gain-momentum/,exact,DELETE,301,,active,
560,polygon-faces-0-27-test-solana-eyes-190-blockdags-374m-presale-and-dashboard-v4-heat-up/,exact,DELETE,301,,active,
561,polygon-nears-0-30-stellar-slips-5-while-blockdags-405m-presale-signals-76815-roi-potential/,exact,DELETE,301,,active,
562,ripple-verdict-approaches-arbitrum-commits-35m-blockdag-presale-offers-2520-roi/,exact,DELETE,301,,active,
563,seattle-sports-partnerships-boost-blockdags-355m-presale-momentum/,exact,DELETE,301,,active,
564,sei-price-rally-signals-vs-blockdags-367m-presale-tradebdag-access/,exact,DELETE,301,,active,
565,sei-token-steadies-xrp-hits-2-80-yet-blockdags-nearly-435m-presale-sets-a-new-benchmark-in-crypto-history/,exact,DELETE,301,,active,
566,shib-eth-gain-momentum-but-blockdags-432m-presale-f1-alpine-partnership-lead-the-charge-for-2025s-top-crypto-to-buy/,exact,DELETE,301,,active,
567,skip-sui-5-link-44-blockdag-3025-roi-gains-viral-attention-in-august/,exact,DELETE,301,,active,
568,solana-ethereum-vs-blockdag-awakening-testnet-signals-best-crypto-to-buy-now/,exact,DELETE,301,,active,
569,solana-news-pengu-outlook-blockdags-almost-400m-presale-in-focus/,exact,DELETE,301,,active,
570,solana-stays-steady-toncoin-faces-supply-shock-while-blockdags-433m-presale-powers-toward-genesis-day/,exact,DELETE,301,,active,
571,solana-targets-300-toncoin-rebounds-35-and-antony-turner-led-blockdag-presale-soars-past-425m/,exact,DELETE,301,,active,
572,sui-sol-are-gaining-but-blockdags-explosive-roi-potential-outpaces-them-both/,exact,DELETE,301,,active,
573,suis-token-unlock-shakes-confidence-pis-ai-push-gains-traction-as-blockdags-435m-presale-emerges-as-the-institutional-pick/,exact,DELETE,301,,active,
574,tapzi-buzz-continues-but-blockdag-secures-over-405m-in-presale/,exact,DELETE,301,,active,
575,the-best-cryptos-to-buy-now-blockdag-cardano-kaspa-and-vechain-lead-the-list/,exact,DELETE,301,,active,
576,the-best-presale-cryptos-to-buy-now-blockdag-web3-ai-dragoin-unstaked-cold-wallet/,exact,DELETE,301,,active,
577,top-3-cryptos-reaching-1-in-2025-blockdag-web3-ai-and-unstaked-price-predictions/,exact,DELETE,301,,active,
578,top-4-best-crypto-platforms-in-2025-blockdag-leads-with-2660-roi-potential/,exact,DELETE,301,,active,
579,top-4-coins-to-buy-blockdag-388m-presale-avax-dot-link/,exact,DELETE,301,,active,
580,top-5-best-new-crypto-presales-to-watch-right-now-blockdag-web3-ai-dragoin-more/,exact,DELETE,301,,active,
581,top-5-crypto-presale-projects-to-invest-in-now-blockdag-dragoin-web3-ai-unstaked-cold-wallet/,exact,DELETE,301,,active,
582,top-altcoins-blockdag-beats-xrp-solana-litecoin-with-3025-roi-potential/,exact,DELETE,301,,active,
583,top-altcoins-to-buy-now-blockdag-avalanche-polygon-near-in-focus/,exact,DELETE,301,,active,
584,top-altcoins-to-buy-now-blockdag-render-celestia-and-cosmos/,exact,DELETE,301,,active,
585,top-crypto-coin-for-2025-blockdag-presale-cardano-ada-price-outlook-mantle-mnt-price-outlook/,exact,DELETE,301,,active,
586,top-crypto-coins-2025-blockdags-430m-presale-market-rally/,exact,DELETE,301,,active,
587,top-crypto-coins-to-buy-now-blockdag-uni-sui-link/,exact,DELETE,301,,active,
588,top-crypto-coins-to-buy-now-blockdag-xrp-bnb-tron/,exact,DELETE,301,,active,
589,top-crypto-gems-to-buy-now-blockdag-ondo-kaspa-render/,exact,DELETE,301,,active,
590,top-crypto-gems-to-buy-now-blockdag-sol-dot-ada/,exact,DELETE,301,,active,
591,top-crypto-presale-2025-blockdag-snorter-btc-bull-solaxy-show-strong-potential/,exact,DELETE,301,,active,
592,top-crypto-presales-for-2025-blockdag-bfx-jet-bolt-space-pay/,exact,DELETE,301,,active,
593,top-crypto-presales-in-2025-bitcoin-hyper-blockdag-token6900-maxi/,exact,DELETE,301,,active,
594,top-crypto-presales-in-2025-blockdag-lightchain-ai-and-bitcoin-bull-offer-early-investment-potential/,exact,DELETE,301,,active,
595,top-crypto-presales-to-buy-now-blockdag-bitcoin-hyper-snorter-token/,exact,DELETE,301,,active,
596,top-crypto-presales-to-invest-in-for-1000x-gains-blockdags-presale-nears-430m-while-maxi-doge-paydax-lag-behind/,exact,DELETE,301,,active,
597,top-crypto-to-buy-now-blockdag-ceo-shares-roadmap-update/,exact,DELETE,301,,active,
598,top-crypto-to-buy-now-blockdag-tron-stellar-ethena-heat-up-the-market/,exact,DELETE,301,,active,
599,top-crypto-to-buy-now-blockdag-tron-toncoin-cardano/,exact,DELETE,301,,active,
600,top-cryptos-to-buy-now-blockdag-near-tia-render-top-picks-for-2025/,exact,DELETE,301,,active,
601,top-presale-crypto-2025-blockdag-subbd-snorter-token-bitcoin-hyper-surge/,exact,DELETE,301,,active,
602,top-trending-crypto-to-buy-now-blockdag-takes-the-spotlight-with-inter-milan-nba-buzz/,exact,DELETE,301,,active,
603,tron-80-surge-dogecoin-breakout-setup-while-blockdag-raises-331m-presale/,exact,DELETE,301,,active,
604,tron-targets-0-38-link-eyes-28-as-blockdag-nears-405m-presale/,exact,DELETE,301,,active,
605,trx-climbs-uni-surges-blockdag-tops-with-303m-presale/,exact,DELETE,301,,active,
606,trx-pengu-hold-strong-bdags-no-vesting-pass-pushes-presale-to-343m/,exact,DELETE,301,,active,
607,uni-breakout-signals-pepe-up-11-bdags-presale-hits-373m/,exact,DELETE,301,,active,
608,uni-price-action-sol-market-outlook-blockdag-presale-in-focus/,exact,DELETE,301,,active,
609,uni-soars-18-sol-climbs-but-blockdags-308m-presale-leads-the-pack/,exact,DELETE,301,,active,
610,unlock-double-bdag-for-less-blockdags-0-0018-deal-vs-nexchain-snorter-presales/,exact,DELETE,301,,active,
611,whales-back-blockdags-432m-1000x-presale/,exact,DELETE,301,,active,
612,what-crypto-to-buy-now-bdag-pi-kas-xlm-lead-the-low-cap-market/,exact,DELETE,301,,active,
613,what-is-blockdag-377m-presale-success-bdag-utility-mining-ecosystem/,exact,DELETE,301,,active,
614,what-makes-blockdag-look-legit-nearl-435m-presale-verified-audits-and-global-x10-miner-deliveries/,exact,DELETE,301,,active,
615,which-crypto-coin-to-buy-now-in-2025-blockdag-stellar-chainlink-or-toncoin/,exact,DELETE,301,,active,
616,why-blockdag-atom-grt-arbitrum-are-the-top-crypto-gainers-to-buy-now/,exact,DELETE,301,,active,
617,why-blockdag-could-outshine-bitget-onchain-and-survive-the-meme-coin-chaos/,exact,DELETE,301,,active,
618,why-blockdag-pepe-sei-jup-are-top-altcoins-to-buy-now/,exact,DELETE,301,,active,
619,why-blockdags-374m-presale-and-dashboard-v4-outshine-hyperliquid-hype-price-outlook-and-sei-price-prediction/,exact,DELETE,301,,active,
620,why-cardanos-upgrades-nears-ai-are-no-match-for-blockdags-430m-presale-proven-delivery/,exact,DELETE,301,,active,
621,wlfi-rallies-pi-network-moves-100m-tokens-while-blockdags-430m-presale-3-5m-x1-users-steal-the-spotlight-in-q4/,exact,DELETE,301,,active,
622,xrp-3-litecoin-114-blockdag-410m-presale-growth/,exact,DELETE,301,,active,
623,xrp-link-are-steady-while-blockdag-presale-raises-nearly-410m/,exact,DELETE,301,,active,
624,xrp-litecoin-eye-breakouts-as-blockdags-410m-presale-expands-reach/,exact,DELETE,301,,active,
625,xrp-nears-3-bnb-hits-1073-blockdag-414m-presale-booms/,exact,DELETE,301,,active,
626,xrp-price-breakout-solana-updates-blockdag-nears-600m-presale-goal/,exact,DELETE,301,,active,
627,xrp-steady-shib-dips-12-blockdags-217-5m-presale-buyer-battles-lead-2025-crypto-picks/,exact,DELETE,301,,active,
628,xrp-technical-analysis-aave-price-blockdags-395m-presale/,exact,DELETE,301,,active,
629,5-popular-cryptocurrency-projects-to-watch-in-2025-cold-wallet-leads-with-10x-roi-potential/,exact,DELETE,301,,active,
630,ada-bullish-momentum-doge-support-zone-cold-wallets-4900-roi-detailed/,exact,DELETE,301,,active,
631,arbitrum-price-momentum-and-xrp-news-highlight-market-moves-yet-cold-wallets-presale-case-strengthens/,exact,DELETE,301,,active,
632,best-crypto-presale-2025-cold-wallet-bitcoin-hyper-snorter-subbd/,exact,DELETE,301,,active,
633,best-crypto-presales-cold-wallets-3600-roi-vs-hyper-lilpepe/,exact,DELETE,301,,active,
634,best-crypto-presales-to-buy-in-2025-cold-wallet-btcbull-mind-best-tokens-compared/,exact,DELETE,301,,active,
635,best-crypto-to-buy-in-2025-cold-wallet-eth-sol-link/,exact,DELETE,301,,active,
636,best-crypto-to-buy-in-2025-cold-wallet-tron-vechain-avalanche/,exact,DELETE,301,,active,
637,best-crypto-to-buy-now-cold-wallet-pepe-doge-shib-aim-for-10x-gains-in-2025/,exact,DELETE,301,,active,
638,best-crypto-to-buy-now-whales-turn-to-cold-wallets-3700-roi-potential/,exact,DELETE,301,,active,
639,best-long-term-crypto-to-buy-now-cold-wallet-aave-pi-network/,exact,DELETE,301,,active,
640,best-presale-coins-in-august-2025-cold-wallet-token6900-more/,exact,DELETE,301,,active,
641,bitcoin-surges-past-us81k-and-cardano-ada-price-prediction-or-cold-wallet/,exact,DELETE,301,,active,
642,bnb-nears-850-xrp-eyes-3-60-while-cold-wallets-4900-roi-and-rewards-take-center-stage/,exact,DELETE,301,,active,
643,bnb-price-jumps-shib-rallies-and-cold-wallets-6m-presale-sets-up-huge-2025-play/,exact,DELETE,301,,active,
644,cardano-ada-breakout-setup-ethereum-eth-price-surge-and-cold-wallets-6m-presale-roi/,exact,DELETE,301,,active,
645,cardano-breakout-signal-sui-support-structure-cold-wallet-roi-which-crypto-will-explode/,exact,DELETE,301,,active,
646,cardano-eyes-1-20-ethereum-targets-5k-and-cold-wallets-6-3m-presale-offers-3428-roi/,exact,DELETE,301,,active,
647,chainlink-link-price-prediction-vs-pi-coin-price-vs-cold-wallet-crypto-coins-to-watch-analysis/,exact,DELETE,301,,active,
648,chainlink-price-rally-pi-coin-warning-cold-wallet-promises-huge-roi/,exact,DELETE,301,,active,
649,chainlinks-rise-storys-struggles-cold-wallets-6-4m-presale-at-0-00998-stands-out/,exact,DELETE,301,,active,
650,cold-wallet-50x-presale-roi-and-gas-rebates-challenge-xrp-ada/,exact,DELETE,301,,active,
651,cold-wallet-6m-presale-shib-rally-eth-near-ath/,exact,DELETE,301,,active,
652,cold-wallet-blockchainfx-and-little-pepe-target-big-2025-presale-gains/,exact,DELETE,301,,active,
653,cold-wallet-captures-analysts-interest-a-top-crypto-for-2025-presale-buyers/,exact,DELETE,301,,active,
654,cold-wallet-hits-6-16m-presale-as-aptos-and-hedera-surge-in-2025/,exact,DELETE,301,,active,
655,cold-wallet-hits-6-3m-presale-while-aptos-hedera-rally-top-crypto-to-invest-in-2025/,exact,DELETE,301,,active,
656,cold-wallet-leads-6-3m-presale-as-stellar-hedera-and-vechain-gain-strength/,exact,DELETE,301,,active,
657,cold-wallet-offers-3700-roi-vs-arbitrum-vechain-best-crypto-to-invest-in-2025/,exact,DELETE,301,,active,
658,cold-wallet-presale-soars-toncoin-tron-sui-vie-for-top-crypto-projects-in-2025/,exact,DELETE,301,,active,
659,cold-wallet-raises-6-3m-presale-as-xrp-eyes-3-34-and-stellar-builds-strength-through-adoption/,exact,DELETE,301,,active,
660,cold-wallet-roi-surpasses-ethereum-and-chainlink-surges/,exact,DELETE,301,,active,
661,cold-wallet-set-for-3423-roi-as-doge-aims-0-70-eth-5k/,exact,DELETE,301,,active,
662,cold-wallet-stellar-ondo-finance-hype-what-is-the-best-crypto-to-buy-in-2025/,exact,DELETE,301,,active,
663,cold-wallet-targets-3633-roi-while-eth-targets-3700-and-xlm-faces-pressure/,exact,DELETE,301,,active,
664,cold-wallet-vs-stellar-ondo-hype-which-is-the-top-altcoin-to-buy-now/,exact,DELETE,301,,active,
665,cold-wallet-vs-sui-and-tron-best-crypto-to-buy-for-2025-with-utility-and-governance/,exact,DELETE,301,,active,
666,cold-wallets-3423-roi-edge-while-hbar-and-kas-battle-market-pressure/,exact,DELETE,301,,active,
667,cold-wallets-3424-roi-trends-ena-doge-insights/,exact,DELETE,301,,active,
668,cold-wallets-3425-roi-vs-stellars-deals-and-pengus-pivot/,exact,DELETE,301,,active,
669,cold-wallets-3600-roi-beats-litecoin-cronos-projections/,exact,DELETE,301,,active,
670,cold-wallets-3632-roi-outshines-avax-doge-price-trends/,exact,DELETE,301,,active,
671,cold-wallets-4900-roi-makes-solanas-etf-rally-and-taos-chart-look-small/,exact,DELETE,301,,active,
672,cold-wallets-4900-roi-potential-surpasses-xrp-solana/,exact,DELETE,301,,active,
673,cold-wallets-4900-roi-vs-apt-stellar-presale-progress-and-crypto-trends-in-2025/,exact,DELETE,301,,active,
674,cold-wallets-50x-presale-beats-adas-golden-cross-hype-and-toncoins-telegram-surge/,exact,DELETE,301,,active,
675,cold-wallets-50x-roi-takes-on-cardano-and-toncoin-in-2025/,exact,DELETE,301,,active,
676,cold-wallets-6-3m-presale-gains-edge-over-chainlink-and-icp-forecasts/,exact,DELETE,301,,active,
677,cold-wallets-6-45m-presale-vs-xrp-and-taos-critical-trading-zones/,exact,DELETE,301,,active,
678,cold-wallets-6m-presale-270m-buyout-before-launch/,exact,DELETE,301,,active,
679,cold-wallets-presale-math-shows-3632-roi-window-closing-fast/,exact,DELETE,301,,active,
680,cold-wallets-presale-starts-at-0-00714-xrp-climbs-doge-rebounds/,exact,DELETE,301,,active,
681,doge-chart-setup-wld-forecast-and-cold-wallet-presale-update/,exact,DELETE,301,,active,
682,dogecoin-gains-kaspa-climbs-yet-cold-wallets-6-32m-presale-could-be-2025s-best-crypto-investment/,exact,DELETE,301,,active,
683,dogecoin-holds-0-19-tron-absorbs-1-4b-wave-cold-wallet-presale-hits-5-9m/,exact,DELETE,301,,active,
684,dogecoin-rally-pengu-support-zone-and-cold-wallets-6-3m-presale-momentum/,exact,DELETE,301,,active,
685,ethereum-4352-breakout-stellar-adoption-rises-cold-wallet-6-2m-presale-with-3423-roi/,exact,DELETE,301,,active,
686,ethereum-and-pi-show-growth-but-cold-wallets-0-00998-presale-targets-4900-roi/,exact,DELETE,301,,active,
687,ethereum-bullish-momentum-okb-price-rally-and-why-cold-wallet-leads-2025s-roi-race/,exact,DELETE,301,,active,
688,ethereum-market-cap-goals-hedera-etf-hopes-and-cold-wallets-presale-edge/,exact,DELETE,301,,active,
689,ethereum-rises-dogecoin-falls-cold-wallets-6-4m-stage-17-presale-at-0-00998-sparks-investor-buzz/,exact,DELETE,301,,active,
690,hedera-tvl-rising-toncoin-eyes-15-cold-wallet-6-13m-presale-surge/,exact,DELETE,301,,active,
691,highest-roi-cryptos-to-buy-now-cold-wallet-etc-bch-icp/,exact,DELETE,301,,active,
692,litecoin-hits-128-hbar-slips-20-and-cold-wallet-targets-4900-roi/,exact,DELETE,301,,active,
693,litecoins-100m-surge-pi-networks-comeback-push-and-cold-wallets-3632-roi-potential/,exact,DELETE,301,,active,
694,meta-title-cold-wallet-beats-cosmos-and-xrp-with-rewards-and-50x-roi-potential/,exact,DELETE,301,,active,
695,pepe-and-aave-struggle-with-volatility-while-cold-wallet-solves-gas-fees-for-real-roi/,exact,DELETE,301,,active,
696,pepe-eyes-rebound-after-dip-xrp-targets-2-25-cold-wallets-0-007-launch-may-be-the-highest-roi-crypto-now/,exact,DELETE,301,,active,
697,pepe-price-setup-okb-supply-burn-and-cold-wallets-3423-roi-entry-point/,exact,DELETE,301,,active,
698,polkadot-price-analysis-worldcoin-price-drop-cold-wallet-6-4m-presale/,exact,DELETE,301,,active,
699,ripple-etf-buzz-grows-bnb-burns-tokens-cold-wallets-shows-4900-roi/,exact,DELETE,301,,active,
700,scarcity-done-right-heres-why-cold-wallet-is-the-top-altcoin-to-buy-now/,exact,DELETE,301,,active,
701,solana-at-200-sui-surges-20-cold-wallets-6m-presale-dominates-2025-outlook/,exact,DELETE,301,,active,
702,stellar-xlm-price-trend-vs-pengu-price-chart-why-cold-wallet-cwt-presale-dominates-bullish-altcoins-analysis/,exact,DELETE,301,,active,
703,sui-falls-stellar-slows-cold-wallet-presale-climbs-fast/,exact,DELETE,301,,active,
704,top-altcoin-to-buy-cold-wallet-6m-presale-hyperliquid-cardano-near/,exact,DELETE,301,,active,
705,top-altcoins-to-buy-now-cold-wallet-sol-doge-xrp/,exact,DELETE,301,,active,
706,top-bullish-cryptos-to-buy-now-cold-wallet-eth-sol-ada/,exact,DELETE,301,,active,
707,top-bullish-cryptos-to-buy-now-cold-wallet-solana-bnb-pepe/,exact,DELETE,301,,active,
708,top-bullish-cryptos-to-buy-now-cold-wallet-xrp-pudgy-penguins-bonk/,exact,DELETE,301,,active,
709,top-crypto-presale-2025-cold-wallet-bitcoin-hyper-maxi-doge-snorter-bot/,exact,DELETE,301,,active,
710,top-crypto-to-buy-in-2025-hbar-pi-coin-and-cold-wallets-roi-showdown/,exact,DELETE,301,,active,
711,top-crypto-to-buy-now-cold-wallet-ethereum-solana-polkadot/,exact,DELETE,301,,active,
712,top-cryptos-to-buy-now-cold-wallet-solana-dogecoin-litecoin-updates-july-2025/,exact,DELETE,301,,active,
713,top-presale-coins-in-2025-cold-wallet-lightchain-ai-neo-pepe-little-pepe/,exact,DELETE,301,,active,
714,top-presale-coins-in-2025-cold-wallet-token6900-subbd-more/,exact,DELETE,301,,active,
715,top-trending-crypto-list-shiba-inu-pi-coin-cold-wallets-0-007-presale/,exact,DELETE,301,,active,
716,trx-eyes-0-2800-cold-wallet-shows-4900-roi-ada-struggles/,exact,DELETE,301,,active,
717,uni-gains-12-pengu-eyes-180-cold-wallet-targets-4900-roi/,exact,DELETE,301,,active,
718,uniswap-eyes-30-doge-whales-buy-in-cold-wallet-presale-surges-to-6-3m/,exact,DELETE,301,,active,
719,xrp-and-stellar-cool-off-cold-wallet-shows-50x-roi-potential/,exact,DELETE,301,,active,
720,xrp-and-stellar-show-short-term-gains-but-cold-wallet-offers-3700-roi-and-real-utility/,exact,DELETE,301,,active,
721,xrp-eyes-6-50-eth-aims-for-5900-cold-wallets-token-shows-huge-roi/,exact,DELETE,301,,active,
722,xrp-nears-4-eth-targets-5k-cold-wallet-presale-hits-6m/,exact,DELETE,301,,active,
723,xrp-strengthens-solana-rallies-cold-wallet-offers-50x-roi-potential/,exact,DELETE,301,,active,
724,after-thetas-rally-qubetics-is-the-only-popular-crypto-coin-to-buy-thats-still-in-presale/,exact,DELETE,301,,active,
725,aptos-price-prediction-2030-can-apt-hit-119-89-as-qubetics-presale-draws-early-buyer-attention/,exact,DELETE,301,,active,
726,aptos-price-prediction-can-it-reach-64-by-2030-qubetics-nears-17-million-mark-in-presale/,exact,DELETE,301,,active,
727,as-monero-eyes-223-and-gala-struggles-qubetics-presale-roars-into-stage-30-top-token-presale-momentum-builds/,exact,DELETE,301,,active,
728,best-altcoin-to-buy-qubetics-hits-16-4m-presale-while-avalanche-and-filecoin-make-bold-moves/,exact,DELETE,301,,active,
729,best-crypto-investment-opportunities-in-2025-qubetics-17-2m-presale-soars-near-protocol-grows-ai-alliances-okb-expands-ecosystem-reach/,exact,DELETE,301,,active,
730,best-cryptos-for-beginners-2025-qubetics-roi-potential-litecoin-stability-injective-utility/,exact,DELETE,301,,active,
731,best-cryptos-to-buy-today-qubetics-surges-in-presale-as-aptos-and-kaspa-solidify-market-roles/,exact,DELETE,301,,active,
732,best-cryptos-to-join-for-long-term-qubetics-sonic-and-sei-top-presale-opportunities-for-2025/,exact,DELETE,301,,active,
733,best-cryptos-to-watch-qubetics-presale-surges-past-16-5m-as-cosmos-and-polygon-hold-strong/,exact,DELETE,301,,active,
734,bnb-price-prediction-2030-targets-817-as-qubetics-presale-surpasses-17m/,exact,DELETE,301,,active,
735,can-qubetics-hit-10-why-bitcoin-cash-arweave-and-the-top-crypto-presale-are-heating-up-in-2025/,exact,DELETE,301,,active,
736,chainlink-price-prediction-2030-will-138-become-reality-as-qubetics-tics-presale-sparks-new-debate/,exact,DELETE,301,,active,
737,chainlink-price-prediction-can-15-30-breakout-hold-while-qubetics-5822-roi-signals-the-best-rwa-play/,exact,DELETE,301,,active,
738,comprehensive-analysis-of-qubetics-bitget-token-and-toncoin-latest-updates-and-top-token-presale-insights/,exact,DELETE,301,,active,
739,could-qubetics-be-the-highest-roi-crypto-in-2025-discover-how-it-compares-to-polkadot-zignaly/,exact,DELETE,301,,active,
740,ethereum-search-interest-falls-while-qubetics-presale-surges-top-cryptos-for-massive-growth-in-2025/,exact,DELETE,301,,active,
741,evaluating-ondo-price-prediction-2026-as-defi-matures-is-qubetics-wallet-innovation-the-missing-piece/,exact,DELETE,301,,active,
742,exploring-qubetics-solana-and-filecoin-best-crypto-presale-insights-for-2025/,exact,DELETE,301,,active,
743,from-makers-peak-to-qubetics-rise-the-popular-crypto-coin-to-buy-now/,exact,DELETE,301,,active,
744,hedera-price-prediction-2026-shows-steady-growth-as-qubetics-presale-raises-17-7-million/,exact,DELETE,301,,active,
745,is-qubetics-the-best-crypto-presale-to-buy-for-2025-monero-rises-while-toncoin-stumbles/,exact,DELETE,301,,active,
746,is-qubetics-the-top-crypto-presale-with-334-roi-compare-it-with-bitcoin-and-ondo/,exact,DELETE,301,,active,
747,litecoin-price-prediction-2025-shows-44-6-roi-potential-while-qubetics-hits-4-20-and-enters-cmc-top-10/,exact,DELETE,301,,active,
748,litecoin-price-prediction-2030-200-target-after-etf-approval-qubetics-presale-secures-26400-holders/,exact,DELETE,301,,active,
749,meta-title-xrp-stellar-and-qubetics-among-best-crypto-to-buy-for-may-2025-amid-token-unlock-trend/,exact,DELETE,301,,active,
750,missed-chainlink-opportunity-and-why-qubetics-shines-as-the-top-altcoin-presale-in-2025/,exact,DELETE,301,,active,
751,missed-the-ethena-airdrop-qubetics-presale-may-still-be-the-top-altcoin-for-massive-return-potential-in-2025/,exact,DELETE,301,,active,
752,missed-xrps-rise-qubetics-is-your-shot-at-the-best-crypto-presale-to-join-grab-it-before-its-gone/,exact,DELETE,301,,active,
753,monero-signals-bull-run-eos-expands-access-qubetics-hits-16-2m-presale-best-altcoins-to-invest-in-now/,exact,DELETE,301,,active,
754,qubetics-16-7m-presale-outshines-cosmos-and-ton-is-this-the-best-100x-crypto-of-may-2025/,exact,DELETE,301,,active,
755,qubetics-arweave-and-stellar-a-deep-dive-into-the-best-cheap-crypto-to-buy-now-for-2025/,exact,DELETE,301,,active,
756,qubetics-at-0-2785-joins-helium-and-stellar-as-top-cryptos-to-watch-based-on-utility-and-presale-demand/,exact,DELETE,301,,active,
757,qubetics-avalanche-tezos-best-cryptos-with-1000x-potential-with-real-world-solutions-and-presale-milestones/,exact,DELETE,301,,active,
758,qubetics-cosmos-and-celestia-the-top-crypto-coins-to-buy-now-for-builders-and-innovators/,exact,DELETE,301,,active,
759,qubetics-dominates-presale-while-chainlink-and-sui-secure-strategic-wins-in-2025-crypto-surge/,exact,DELETE,301,,active,
760,qubetics-ethereum-tron-best-crypto-to-buy-now-for-long-term-growth-latest-insights/,exact,DELETE,301,,active,
761,qubetics-eyes-15-roi-as-cosmos-jumps-7-5-and-tron-hits-2-1m-users-are-these-the-best-cryptos-to-join-this-month/,exact,DELETE,301,,active,
762,qubetics-near-protocol-and-sui-top-token-presale-and-real-world-use-cases/,exact,DELETE,301,,active,
763,qubetics-near-protocol-and-toncoin-show-strength-best-crypto-to-buy-for-may-2025/,exact,DELETE,301,,active,
764,qubetics-offers-8567-roi-potential-while-sei-upgrades-and-xrp-drives-utility-best-cryptos-to-invest-in-this-weekend/,exact,DELETE,301,,active,
765,qubetics-presale-accelerates-while-quant-and-astra-stay-strong-in-the-top-crypto-gems-to-buy/,exact,DELETE,301,,active,
766,qubetics-presale-growth-highlights-its-role-among-top-altcoins-to-invest-in-for-long-term-with-stacks-and-cardano-updates/,exact,DELETE,301,,active,
767,qubetics-presale-monero-and-chainlink-react-as-sec-shift-fuels-the-most-potential-crypto-momentum/,exact,DELETE,301,,active,
768,qubetics-presale-roars-ahead-as-cardano-and-litecoin-push-new-frontiers-in-2025/,exact,DELETE,301,,active,
769,qubetics-presale-surges-as-near-protocol-and-mantra-react-to-crypto-policy-shift-best-cryptos-to-buy-this-week/,exact,DELETE,301,,active,
770,qubetics-presale-trons-scalability-and-cronos-defi-surge-rank-as-best-cryptos-to-invest-in-this-weekend/,exact,DELETE,301,,active,
771,qubetics-surges-in-presale-as-tron-expands-usdt-power-and-injective-reinvents-ai-trading-best-crypto-investment/,exact,DELETE,301,,active,
772,qubetics-ton-and-more-2025-insights-reveal-17-5m-raised-and-ton-price-prediction-2025/,exact,DELETE,301,,active,
773,qubetics-top-crypto-presale-hits-stage-33-as-injective-and-tron-spark-market-bullishness/,exact,DELETE,301,,active,
774,qubetics-vs-polkadot-non-custodial-wallets-interoperability-and-polkadot-price-prediction/,exact,DELETE,301,,active,
775,regret-missing-ondos-surge-dont-miss-out-on-the-top-crypto-asset-qubetics-this-presale-could-be-your-golden-ticket/,exact,DELETE,301,,active,
776,solana-price-prediction-2026-supports-176-99-target-as-qubetics-presale-builds-momentum/,exact,DELETE,301,,active,
777,stellar-price-prediction-2025-outlook-turns-bullish-and-qubetics-6414-roi-potential-sparks-buzz/,exact,DELETE,301,,active,
778,stellar-price-prediction-2030-points-to-2-45-while-qubetics-presale-secures-27500-holders/,exact,DELETE,301,,active,
779,suis-glory-days-are-gone-why-qubetics-is-the-best-cryptos-to-buy-this-month-for-groundbreaking-utility-and-maximum-roi/,exact,DELETE,301,,active,
780,top-altcoin-for-massive-return-potential-qubetics-eyes-8567-roi-potential-outshining-filecoins-legacy/,exact,DELETE,301,,active,
781,top-token-presale-2025-qubetics-raises-16-1m-as-solana-surges-and-sei-faces-legal-heat/,exact,DELETE,301,,active,
782,tron-price-prediction-can-etf-momentum-push-trx-to-0-45-while-qubetics-targets-4677-roi/,exact,DELETE,301,,active,
783,why-qubetics-is-the-top-crypto-presale-with-5822-roi-gatetoken-and-bitget-token-follow/,exact,DELETE,301,,active,
784,why-qubetics-presale-boom-binances-expansion-and-trons-defi-moves-make-them-the-best-cryptos-to-buy-now/,exact,DELETE,301,,active,
785,ada-holds-0-60-doge-eyes-1-unstakeds-presale-is-skyrocketing/,exact,DELETE,301,,active,
786,ada-steady-shib-holds-unstaked-ai-presale-eyes-2700/,exact,DELETE,301,,active,
787,best-altcoins-to-buy-now-unstaked-dogecoin-shiba-inu-pepe/,exact,DELETE,301,,active,
788,bnb-shib-rally-but-unstakeds-ai-presale-may-breakout/,exact,DELETE,301,,active,
789,can-unstaked-dominate-at-0-0065-xrp-price-prediction-cardano-breakout-and-ai-agents-take-over/,exact,DELETE,301,,active,
790,cardanos-btc-move-polkadots-500k-proposal-and-unstakeds-10-5m-ai-presale/,exact,DELETE,301,,active,
791,ethereum-hits-4k-avax-dips-near-15-unstakeds-presale-rises/,exact,DELETE,301,,active,
792,ethereum-rally-xrp-stalls-unstakeds-ai-token-eyes-2700-roi/,exact,DELETE,301,,active,
793,ethereum-trading-outlook-pepe-pepe-meme-trend-and-unstakeds-ai-presale-dominance/,exact,DELETE,301,,active,
794,hype-market-outlook-wif-price-action-gain-steam-but-unstakeds-2700-roi-beats-both/,exact,DELETE,301,,active,
795,insights-on-unstakeds-presale-growth-xrp-outlook-dogecoin-forecast/,exact,DELETE,301,,active,
796,litecoin-ltc-price-jump-pepe-price-analysis-and-the-unstaked-ai-presale-gaining-fast-in-2025/,exact,DELETE,301,,active,
797,near-crypto-doge-price-predictions-vs-unstakeds-27x-roi-potential/,exact,DELETE,301,,active,
798,shiba-inu-shib-eyes-17x-hedera-hbar-bulls-eye-0-25559-but-unstakeds-massive-roi-takes-the-lead/,exact,DELETE,301,,active,
799,shiba-inu-uniswap-stay-flat-while-unstaked-offers-27x-roi/,exact,DELETE,301,,active,
800,sol-unstaked-viral-among-small-businesses/,exact,DELETE,301,,active,
801,top-4-best-crypto-to-buy-now-why-unstaked-beats-cardano-polkadot-solana-in-2025/,exact,DELETE,301,,active,
802,top-crypto-to-buy-now-comparing-cardano-chainlink-unstaked/,exact,DELETE,301,,active,
803,top-cryptos-to-buy-now-unstaked-eth-ada-sol-ranked/,exact,DELETE,301,,active,
804,unstaked-offers-2700-roi-more-on-xrp-eth-price-trends/,exact,DELETE,301,,active,
805,unstaked-presale-challenges-xlm-crypto-pi-coin/,exact,DELETE,301,,active,
806,unstakeds-presale-hits-4m-doge-weakens-xrp-eyes-3/,exact,DELETE,301,,active,
807,vechain-and-dogecoin-show-strength-unstakeds-larger-roi-potential/,exact,DELETE,301,,active,
808,why-unstakeds-viral-ai-presale-is-gaining-market-attention/,exact,DELETE,301,,active,
809,xrp-eyes-27-linkpushes-30-but-unstakeds-0-01043-entry-makes-it-the-crypto-to-buy-now/,exact,DELETE,301,,active,
810,ada-eyes-5-66-solana-hits-3-35m-staked-but-web3-ais-0-0003-token-may-offer-the-best-roi-for-2025/,exact,DELETE,301,,active,
811,ada-falls-13-wld-downtrend-web3-ais-presale-booms/,exact,DELETE,301,,active,
812,apt-price-surge-cosmos-eyes-rebound-web3-ai-unlocks-a-1747-roi/,exact,DELETE,301,,active,
813,avax-climbs-pepe-holds-but-web3-ais-630k-ico-1747-roi-steal-the-spotlight/,exact,DELETE,301,,active,
814,best-crypto-to-buy-now-web3-ai-solana-binance-coin-cardano-show-strong-potential/,exact,DELETE,301,,active,
815,best-long-term-cryptos-to-buy-now-web3-ai-cardano-doge-more/,exact,DELETE,301,,active,
816,bittensor-tao-hits-277-xrp-eyes-breakout-web3-ai-presale-starts-at-0-0003/,exact,DELETE,301,,active,
817,bnb-eyes-600-eth-etfs-slide-60-web3-ai-becomes-the-best-presale-crypto-with-1747-roi/,exact,DELETE,301,,active,
818,bnb-faces-576-resistance-xrp-targets-30-web3ai-tools-offer-100x-roi-edge/,exact,DELETE,301,,active,
819,chainlink-hits-16-matic-wobbles-web3-ai-offers-1747-roi-amid-market-volatility/,exact,DELETE,301,,active,
820,doge-relies-on-elon-pi-awaits-listings-web3-ai-just-delivers-12-ai-tools-and-a-1747-roi/,exact,DELETE,301,,active,
821,etf-hype-lifts-cronos-web3-ai-presale-blows-up/,exact,DELETE,301,,active,
822,eth-eyes-2k-tether-adds-gold-reserves-web3-ai-promises-1747-roi/,exact,DELETE,301,,active,
823,ethereum-outlook-solana-updates-and-web3-ais-rising-presale/,exact,DELETE,301,,active,
824,ethereum-price-forecast-looks-up-tether-tops-global-volume-and-web3-ai-becomes-the-no-1-fastest-growing-crypto-in-presale/,exact,DELETE,301,,active,
825,ethereum-price-forecast-solana-news-and-web3-ais-presale-momentum/,exact,DELETE,301,,active,
826,insights-on-avaxs-price-moves-link-vrf-utility-web3-ais-presale-boom/,exact,DELETE,301,,active,
827,link-and-ada-struggle-for-momentum-web3ais-0-100-presale-could-be-the-smartest-move-in-crypto/,exact,DELETE,301,,active,
828,link-targets-20-pol-gains-7-web3-ai-leads-with-1747-roi/,exact,DELETE,301,,active,
829,link-whale-activity-avax-user-growth-rise-as-web3-ai-presale-passes-7-1m/,exact,DELETE,301,,active,
830,om-fund-rises-hyper-volume-hits-159b-web3-ais-wai-surge-in-presale/,exact,DELETE,301,,active,
831,pepe-jumps-80-uniswap-expands-web3-ais-presale-hits-4-5m/,exact,DELETE,301,,active,
832,pi-volume-dips-below-40m-bnb-eyes-700-web3-ai-promises-1747-roi/,exact,DELETE,301,,active,
833,render-surges-algo-bounces-back-web3-ai-offer-1747-roi/,exact,DELETE,301,,active,
834,ripple-targets-2-40-cardano-holds-above-0-50-and-web3-ai-becomes-a-1747-best-crypto-to-buy-right-now/,exact,DELETE,301,,active,
835,shib-and-tao-lose-steam-while-web3-ai-presale-climbs-past-8-5m/,exact,DELETE,301,,active,
836,shib-trend-shifts-hype-hits-6b-web3-ais-presale-reaches-4-1m/,exact,DELETE,301,,active,
837,shiba-inu-70-forecast-ethereum-price-drop-and-web3-ai-1747-roi-presale/,exact,DELETE,301,,active,
838,shiba-inu-dogecoin-and-web3-ai-top-crypto-to-buy-now-with-price-outlook-and-presale-insights/,exact,DELETE,301,,active,
839,solana-and-xrp-show-strength-while-web3-ai-builds-toward-1747-roi-as-best-crypto-to-buy-now/,exact,DELETE,301,,active,
840,top-bullish-cryptos-to-buy-now-web3-ai-filecoin-pepe/,exact,DELETE,301,,active,
841,top-crypto-picks-right-now-web3-ai-leads-with-1747-roi-potential/,exact,DELETE,301,,active,
842,top-crypto-to-buy-now-web3-ai-cosmos-celestia-stellar/,exact,DELETE,301,,active,
843,uniswap-founder-weighs-in-on-sol-snx-price-prediction-web3-ai-token-in-focus/,exact,DELETE,301,,active,
844,web3-ai-forecasts-1747-roi-as-shib-inflows-rise-and-cardano-tests-support/,exact,DELETE,301,,active,
845,web3-ai-hits-3m-presale-in-24-hours-can-it-surpass-dot-and-litecoin-in-2025/,exact,DELETE,301,,active,
846,web3-ai-offers-1747-roi-shib-struggles-om-soars-to-6-43/,exact,DELETE,301,,active,
847,web3-ai-offers-1747-roi-solana-eyes-420-hedera-holds-at-0-18/,exact,DELETE,301,,active,
848,web3-ai-offers-700-roi-potential-ada-eyes-9-50-sol-grows-34/,exact,DELETE,301,,active,
849,web3-ai-presale-raises-over-5m-mark-doge-avax-activity-rise/,exact,DELETE,301,,active,
850,web3-ai-presale-surges-eth-drops-17-xrp-etf-trends/,exact,DELETE,301,,active,
851,web3-ai-projects-1747-roi-as-dot-hits-3-99-and-ada-rebounds-to-0-68/,exact,DELETE,301,,active,
852,web3-ai-reshapes-ai-crypto-tools-with-4m-presale-1747-roi/,exact,DELETE,301,,active,
853,web3-ai-vs-solana-bnb-which-one-stands-out-as-the-best-crypto-to-buy-now/,exact,DELETE,301,,active,
854,wif-atom-price-analysis-web3-ais-presale-builds-momentum/,exact,DELETE,301,,active,
855,xrp-eyes-70-ada-looks-to-10-but-web3-ais-1747-roi-makes-it-2025s-boldest-crypto-move/,exact,DELETE,301,,active,
856,xrp-price-prediction-kaspa-liquidity-trap-and-web3-ais-wai-presale-explosion/,exact,DELETE,301,,active,
857,xrp-rebounds-bnb-recovers-but-web3-ais-0-100-presale-could-deliver-100x-utility-gains/,exact,DELETE,301,,active,
858,xrp-surges-past-2-ada-holds-0-58-web3-ai-presale-could-outpace-them-with-1747-roi-potential/,exact,DELETE,301,,active,
859,xrp-targets-2-40-eth-supply-grows-while-web3-ai-leads-with-1584-roi/,exact,DELETE,301,,active,
