url,inlinks,indexability_status,reason,batch
https://bitcoininfonews.com/cdn-cgi/l/email-protection,34,Client Error,internal broken target with recorded inlinks,batch_1_internal_link_cleanup_and_404_mapping
https://bitcoininfonews.com/bitcoin-spot-etfs-record-167m-net-inflow-ending-3-day-outflow-streak/,5,Client Error,internal broken target with recorded inlinks,batch_1_internal_link_cleanup_and_404_mapping
https://bitcoininfonews.com/bitcoin-enters-reset-period-after-pullback-from-highs-what-the-consolidation-means/,4,Client Error,internal broken target with recorded inlinks,batch_1_internal_link_cleanup_and_404_mapping
https://bitcoininfonews.com/buyers-rush-to-secure-blockdag-at-0-0000061-while-hyperliquid-battles-35-floor-monero-eyes-upside/,4,Client Error,internal broken target with recorded inlinks,batch_1_internal_link_cleanup_and_404_mapping
https://bitcoininfonews.com/fed-rate-hike-odds-bank-of-america-conditions/,4,Client Error,internal broken target with recorded inlinks,batch_1_internal_link_cleanup_and_404_mapping
https://bitcoininfonews.com/solana-launches-sdp-api-based-development-platform-for-institutions/,4,Client Error,internal broken target with recorded inlinks,batch_1_internal_link_cleanup_and_404_mapping
https://bitcoininfonews.com/starknet-leads-layer-2-developer-activity-in-ethereum-scaling-race/,4,Client Error,internal broken target with recorded inlinks,batch_1_internal_link_cleanup_and_404_mapping
https://bitcoininfonews.com/xrp-bullish-reversal-3-factors-shib-night-struggle/,4,Client Error,internal broken target with recorded inlinks,batch_1_internal_link_cleanup_and_404_mapping
https://bitcoininfonews.com/xrp-leads-institutional-crypto-inflows-surpassing-btc-and-eth/,4,Client Error,internal broken target with recorded inlinks,batch_1_internal_link_cleanup_and_404_mapping
https://bitcoininfonews.com/341m-crypto-liquidations-hit-shorts-in-24-hours/,3,Client Error,internal broken target with recorded inlinks,batch_1_internal_link_cleanup_and_404_mapping
https://bitcoininfonews.com/aave-stablecoin-yields-beat-banks-trail-the-fed/,3,Client Error,internal broken target with recorded inlinks,batch_1_internal_link_cleanup_and_404_mapping
https://bitcoininfonews.com/bitcoin-steadies-after-sell-off-crypto-news-march-23-2026/,3,Client Error,internal broken target with recorded inlinks,batch_1_internal_link_cleanup_and_404_mapping
https://bitcoininfonews.com/coinbase-to-launch-icnt-usd-spot-trading-pair-for-impossible-cloud-network/,3,Client Error,internal broken target with recorded inlinks,batch_1_internal_link_cleanup_and_404_mapping
https://bitcoininfonews.com/coldcard-mk5-bitcoin-wallet-why-it-is-so-hard-to-hack/,3,Client Error,internal broken target with recorded inlinks,batch_1_internal_link_cleanup_and_404_mapping
https://bitcoininfonews.com/crypto-news-today-key-overnight-developments-march-26-27-2026/,3,Client Error,internal broken target with recorded inlinks,batch_1_internal_link_cleanup_and_404_mapping
https://bitcoininfonews.com/ethereum-spot-etfs-record-207m-net-outflows-as-blackrocks-etha-sheds-285m/,3,Client Error,internal broken target with recorded inlinks,batch_1_internal_link_cleanup_and_404_mapping
https://bitcoininfonews.com/european-parliament-approves-eu-us-trade-agreement-crypto-market-impact/,3,Client Error,internal broken target with recorded inlinks,batch_1_internal_link_cleanup_and_404_mapping
https://bitcoininfonews.com/ftc-us-citizens-lose-3-5b-to-imposter-scams-in-one-year/,3,Client Error,internal broken target with recorded inlinks,batch_1_internal_link_cleanup_and_404_mapping
https://bitcoininfonews.com/genius-act-stablecoin-rule-proposal-reaches-treasury/,3,Client Error,internal broken target with recorded inlinks,batch_1_internal_link_cleanup_and_404_mapping
https://bitcoininfonews.com/goliath-ventures-files-bankruptcy-amid-328-million-crypto-ponzi-allegations/,3,Client Error,internal broken target with recorded inlinks,batch_1_internal_link_cleanup_and_404_mapping
https://bitcoininfonews.com/interactive-brokers-crypto-trading-expands-to-europe/,3,Client Error,internal broken target with recorded inlinks,batch_1_internal_link_cleanup_and_404_mapping
https://bitcoininfonews.com/japan-financial-giant-says-xrp-will-be-very-expensive/,3,Client Error,internal broken target with recorded inlinks,batch_1_internal_link_cleanup_and_404_mapping
https://bitcoininfonews.com/justin-sun-slams-trump-backed-wlfi-after-75m-defi-loan/,3,Client Error,internal broken target with recorded inlinks,batch_1_internal_link_cleanup_and_404_mapping
https://bitcoininfonews.com/kraken-gets-direct-fed-access-in-first-for-crypto-banking/,3,Client Error,internal broken target with recorded inlinks,batch_1_internal_link_cleanup_and_404_mapping
https://bitcoininfonews.com/major-update-approved-for-surprise-altcoin-what-changes-are-coming/,3,Client Error,internal broken target with recorded inlinks,batch_1_internal_link_cleanup_and_404_mapping
https://bitcoininfonews.com/mirae-asset-securities-eyes-hong-kong-retail-crypto-market/,3,Client Error,internal broken target with recorded inlinks,batch_1_internal_link_cleanup_and_404_mapping
https://bitcoininfonews.com/morgan-stanley-bitcoin-etf-draws-34m-on-day-one-as-fee-pressure-mounts/,3,Client Error,internal broken target with recorded inlinks,batch_1_internal_link_cleanup_and_404_mapping
https://bitcoininfonews.com/morgan-stanley-bitcoin-etf-fee-set-at-0-14-lowest-in-market-if-approved/,3,Client Error,internal broken target with recorded inlinks,batch_1_internal_link_cleanup_and_404_mapping
https://bitcoininfonews.com/morgan-stanley-bitcoin-etf-posts-top-1-debut/,3,Client Error,internal broken target with recorded inlinks,batch_1_internal_link_cleanup_and_404_mapping
https://bitcoininfonews.com/morgan-stanley-bitcoin-spot-etf-gets-official-listing-announcement/,3,Client Error,internal broken target with recorded inlinks,batch_1_internal_link_cleanup_and_404_mapping
https://bitcoininfonews.com/morgan-stanley-spot-bitcoin-etf-may-be-coming-soon-bloomberg-analysts-say/,3,Client Error,internal broken target with recorded inlinks,batch_1_internal_link_cleanup_and_404_mapping
https://bitcoininfonews.com/morgan-stanleys-amy-oldenburg-says-bitcoin-etf-launch-had-top-first-day-trading/,3,Client Error,internal broken target with recorded inlinks,batch_1_internal_link_cleanup_and_404_mapping
https://bitcoininfonews.com/nyse-removes-position-limits-crypto-etf-options-landmark-rule-change/,3,Client Error,internal broken target with recorded inlinks,batch_1_internal_link_cleanup_and_404_mapping
https://bitcoininfonews.com/polkadot-hack-1b-dot-minted-on-ethereum-profit-cap-explained/,3,Client Error,internal broken target with recorded inlinks,batch_1_internal_link_cleanup_and_404_mapping
https://bitcoininfonews.com/post-ceasefire-crypto-outlook-hangover-or-buying-opportunity/,3,Client Error,internal broken target with recorded inlinks,batch_1_internal_link_cleanup_and_404_mapping
https://bitcoininfonews.com/rave-liquidation-volume-hits-30-6m-trails-btc-eth/,3,Client Error,internal broken target with recorded inlinks,batch_1_internal_link_cleanup_and_404_mapping
https://bitcoininfonews.com/ripple-news-rlusd-push-behind-federal-banking-charter-bid/,3,Client Error,internal broken target with recorded inlinks,batch_1_internal_link_cleanup_and_404_mapping
https://bitcoininfonews.com/ripple-partners-with-ex-western-union-unit-to-streamline-cross-border-payments-is-xrp-set-for-a-breakout/,3,Client Error,internal broken target with recorded inlinks,batch_1_internal_link_cleanup_and_404_mapping
https://bitcoininfonews.com/russia-moves-to-corral-crypto-trading-punishing-retail-investors/,3,Client Error,internal broken target with recorded inlinks,batch_1_internal_link_cleanup_and_404_mapping
https://bitcoininfonews.com/russia-to-admit-bitcoin-ethereum-and-solana-to-its-crypto-market/,3,Client Error,internal broken target with recorded inlinks,batch_1_internal_link_cleanup_and_404_mapping
https://bitcoininfonews.com/sec-nears-reg-crypto-guidance-for-fundraising-atkins-says/,3,Client Error,internal broken target with recorded inlinks,batch_1_internal_link_cleanup_and_404_mapping
https://bitcoininfonews.com/sec-to-consider-most-crypto-assets-not-securities-under-federal-law/,3,Client Error,internal broken target with recorded inlinks,batch_1_internal_link_cleanup_and_404_mapping
https://bitcoininfonews.com/secure-95x-instant-roi-with-blockdags-limited-time-0-0000061-offer-xrp-eyes-enterprise-growth-shib-dips/,3,Client Error,internal broken target with recorded inlinks,batch_1_internal_link_cleanup_and_404_mapping
https://bitcoininfonews.com/shiba-inu-death-cross-forms-as-441m-crypto-liquidations-hit-market/,3,Client Error,internal broken target with recorded inlinks,batch_1_internal_link_cleanup_and_404_mapping
https://bitcoininfonews.com/shiba-inu-golden-cross-xrp-payments-jump-410-btc-whale-moves-74m/,3,Client Error,internal broken target with recorded inlinks,batch_1_internal_link_cleanup_and_404_mapping
https://bitcoininfonews.com/small-altcoin-doubles-market-cap-after-binance-futures-hashkey-listings/,3,Client Error,internal broken target with recorded inlinks,batch_1_internal_link_cleanup_and_404_mapping
https://bitcoininfonews.com/solana-launches-stride-and-strn-after-drift-incident/,3,Client Error,internal broken target with recorded inlinks,batch_1_internal_link_cleanup_and_404_mapping
https://bitcoininfonews.com/solana-usd-faces-downturn-as-network-fud-sparks-70-fears/,3,Client Error,internal broken target with recorded inlinks,batch_1_internal_link_cleanup_and_404_mapping
https://bitcoininfonews.com/spot-bitcoin-etfs-record-471-million-inflows-as-btc-holds-amid-volatility/,3,Client Error,internal broken target with recorded inlinks,batch_1_internal_link_cleanup_and_404_mapping
https://bitcoininfonews.com/strategy-bitcoin-stockpile-nears-blackrock-etf-after-1b-buy/,3,Client Error,internal broken target with recorded inlinks,batch_1_internal_link_cleanup_and_404_mapping
https://bitcoininfonews.com/strategy-ends-13-week-btc-buying-streak-as-mstr-stock-jumps-6/,3,Client Error,internal broken target with recorded inlinks,batch_1_internal_link_cleanup_and_404_mapping
https://bitcoininfonews.com/strategy-posts-14-5b-unrealized-bitcoin-loss-in-q1/,3,Client Error,internal broken target with recorded inlinks,batch_1_internal_link_cleanup_and_404_mapping
https://bitcoininfonews.com/the-hidden-bitcoin-bottom-signal-most-traders-are-missing/,3,Client Error,internal broken target with recorded inlinks,batch_1_internal_link_cleanup_and_404_mapping
https://bitcoininfonews.com/the-next-fed-chair-has-invested-in-defi-and-solana/,3,Client Error,internal broken target with recorded inlinks,batch_1_internal_link_cleanup_and_404_mapping
https://bitcoininfonews.com/the-wash-trading-bust-why-feds-are-calling-out-cryptos-fake-liquidity/,3,Client Error,internal broken target with recorded inlinks,batch_1_internal_link_cleanup_and_404_mapping
https://bitcoininfonews.com/trading-expert-sets-date-when-bitcoin-will-hit-100000/,3,Client Error,internal broken target with recorded inlinks,batch_1_internal_link_cleanup_and_404_mapping
https://bitcoininfonews.com/tron-founder-justin-sun-transfers-five-altcoins-to-htx-exchange-details/,3,Client Error,internal broken target with recorded inlinks,batch_1_internal_link_cleanup_and_404_mapping
https://bitcoininfonews.com/trump-jobs-report-update-vs-bitcoins-worst-retail-participation/,3,Client Error,internal broken target with recorded inlinks,batch_1_internal_link_cleanup_and_404_mapping
https://bitcoininfonews.com/trump-to-end-2-week-iran-ceasefire-crypto-prediction-market-signals-odds/,3,Client Error,internal broken target with recorded inlinks,batch_1_internal_link_cleanup_and_404_mapping
https://bitcoininfonews.com/trumps-insider-109m-short-is-crypto-crashing-again/,3,Client Error,internal broken target with recorded inlinks,batch_1_internal_link_cleanup_and_404_mapping
https://bitcoininfonews.com/u-s-treasury-to-share-crypto-hacker-warnings-with-sector/,3,Client Error,internal broken target with recorded inlinks,batch_1_internal_link_cleanup_and_404_mapping
https://bitcoininfonews.com/uk-fca-seeks-feedback-on-crypto-guidance-ahead-of-2027-rollout/,3,Client Error,internal broken target with recorded inlinks,batch_1_internal_link_cleanup_and_404_mapping
https://bitcoininfonews.com/us-opens-10t-retirement-market-to-crypto-can-bitcoin-benefit/,3,Client Error,internal broken target with recorded inlinks,batch_1_internal_link_cleanup_and_404_mapping
https://bitcoininfonews.com/visa-launches-on-the-tempo-blockchain-as-anchor-validator/,3,Client Error,internal broken target with recorded inlinks,batch_1_internal_link_cleanup_and_404_mapping
https://bitcoininfonews.com/wall-street-giants-are-launching-bitcoin-etfs-and-its-just-getting-started/,3,Client Error,internal broken target with recorded inlinks,batch_1_internal_link_cleanup_and_404_mapping
https://bitcoininfonews.com/warren-buffett-says-fed-should-aim-for-zero-inflation/,3,Client Error,internal broken target with recorded inlinks,batch_1_internal_link_cleanup_and_404_mapping
https://bitcoininfonews.com/web3-losses-hit-482-6m-in-q1-2026-as-phishing-exploits-surge/,3,Client Error,internal broken target with recorded inlinks,batch_1_internal_link_cleanup_and_404_mapping
https://bitcoininfonews.com/weekly-recap-of-bitcoin-ethereum-solana-and-xrp-etf-performance/,3,Client Error,internal broken target with recorded inlinks,batch_1_internal_link_cleanup_and_404_mapping
https://bitcoininfonews.com/weekly-roundup-04-03-26-quantum-papers-drift-hack-salvage-law/,3,Client Error,internal broken target with recorded inlinks,batch_1_internal_link_cleanup_and_404_mapping
https://bitcoininfonews.com/when-will-bitcoin-price-bottom-out-benjamin-cowen-predicts-october-2026/,3,Client Error,internal broken target with recorded inlinks,batch_1_internal_link_cleanup_and_404_mapping
https://bitcoininfonews.com/when-will-the-bitcoin-bull-run-start-analyst-markers-to-watch/,3,Client Error,internal broken target with recorded inlinks,batch_1_internal_link_cleanup_and_404_mapping
https://bitcoininfonews.com/where-next-for-bitcoin-after-its-worst-quarter-since-2018/,3,Client Error,internal broken target with recorded inlinks,batch_1_internal_link_cleanup_and_404_mapping
https://bitcoininfonews.com/why-are-bitcoin-ethereum-and-xrp-prices-surging-today-market-drivers-explained/,3,Client Error,internal broken target with recorded inlinks,batch_1_internal_link_cleanup_and_404_mapping
https://bitcoininfonews.com/why-bitcoin-is-outperforming-gold-right-now-according-to-pompliano/,3,Client Error,internal broken target with recorded inlinks,batch_1_internal_link_cleanup_and_404_mapping
https://bitcoininfonews.com/why-morgan-stanley-launched-the-cheapest-bitcoin-etf/,3,Client Error,internal broken target with recorded inlinks,batch_1_internal_link_cleanup_and_404_mapping
https://bitcoininfonews.com/why-smaller-crypto-companies-are-struggling-under-mica-in-europe/,3,Client Error,internal broken target with recorded inlinks,batch_1_internal_link_cleanup_and_404_mapping
https://bitcoininfonews.com/why-the-feds-latest-fednow-proposal-could-be-a-major-boost-for-ripple-and-xrp/,3,Client Error,internal broken target with recorded inlinks,batch_1_internal_link_cleanup_and_404_mapping
https://bitcoininfonews.com/will-bitcoin-skyrocket-when-iran-war-ends-key-signals/,3,Client Error,internal broken target with recorded inlinks,batch_1_internal_link_cleanup_and_404_mapping
https://bitcoininfonews.com/wlfi-treasury-drains-stablecoin-pool-what-it-means/,3,Client Error,internal broken target with recorded inlinks,batch_1_internal_link_cleanup_and_404_mapping
https://bitcoininfonews.com/xrp-bear-flag-pattern-points-to-18-price-breakdown/,3,Client Error,internal broken target with recorded inlinks,batch_1_internal_link_cleanup_and_404_mapping
https://bitcoininfonews.com/xrp-etf-flows-hit-120m-binance-users-add-181b-shib-schiff-on-bitcoin/,3,Client Error,internal broken target with recorded inlinks,batch_1_internal_link_cleanup_and_404_mapping
https://bitcoininfonews.com/xrp-etf-inflows-hit-11-75m-in-strongest-week-since-february/,3,Client Error,internal broken target with recorded inlinks,batch_1_internal_link_cleanup_and_404_mapping
https://bitcoininfonews.com/xrp-ledger-stops-spoofing-botnets-on-xrp-rlusd-pair/,3,Client Error,internal broken target with recorded inlinks,batch_1_internal_link_cleanup_and_404_mapping
https://bitcoininfonews.com/xrp-price-prediction-can-xrp-reach-1000-by-2030/,3,Client Error,internal broken target with recorded inlinks,batch_1_internal_link_cleanup_and_404_mapping
https://bitcoininfonews.com/xrp-quantum-risk-exposure-tops-bitcoins-defense/,3,Client Error,internal broken target with recorded inlinks,batch_1_internal_link_cleanup_and_404_mapping
https://bitcoininfonews.com/xrp-slips-4-as-selling-pressure-builds-despite-etf-inflows/,3,Client Error,internal broken target with recorded inlinks,batch_1_internal_link_cleanup_and_404_mapping
https://bitcoininfonews.com/xrp-vs-bitcoin-which-faces-bigger-quantum-computer-risks/,3,Client Error,internal broken target with recorded inlinks,batch_1_internal_link_cleanup_and_404_mapping
https://bitcoininfonews.com/xrps-next-move-price-structure-and-the-regulatory-catalyst-ahead/,3,Client Error,internal broken target with recorded inlinks,batch_1_internal_link_cleanup_and_404_mapping
https://bitcoininfonews.com/youtube-bans-bitcoin-com-after-strike-crypto-content-crackdown/,3,Client Error,internal broken target with recorded inlinks,batch_1_internal_link_cleanup_and_404_mapping
https://bitcoininfonews.com/zachxbt-slams-circle-over-stolen-usdc-after-drift-hack/,3,Client Error,internal broken target with recorded inlinks,batch_1_internal_link_cleanup_and_404_mapping
https://bitcoininfonews.com/zoomex-launches-150000-btc-airdrop-campaign-for-new-users/,3,Client Error,internal broken target with recorded inlinks,batch_1_internal_link_cleanup_and_404_mapping
https://bitcoininfonews.com/179-million-crypto-contracts-liquidated-24-hours/,2,Client Error,internal broken target with recorded inlinks,batch_1_internal_link_cleanup_and_404_mapping
https://bitcoininfonews.com/183-million-crypto-liquidations-one-hour-longs-biggest-hit/,2,Client Error,internal broken target with recorded inlinks,batch_1_internal_link_cleanup_and_404_mapping
https://bitcoininfonews.com/3-token-unlocks-late-march-2026-zro-h-gunz-schedules/,2,Client Error,internal broken target with recorded inlinks,batch_1_internal_link_cleanup_and_404_mapping
https://bitcoininfonews.com/631-million-in-crypto-contracts-liquidated-in-24-hours/,2,Client Error,internal broken target with recorded inlinks,batch_1_internal_link_cleanup_and_404_mapping
https://bitcoininfonews.com/banque-syz-family-feud-over-crypto-strategy-ends-with-heirs-departure-to-start-own-firm/,2,Client Error,internal broken target with recorded inlinks,batch_1_internal_link_cleanup_and_404_mapping
https://bitcoininfonews.com/best-crypto-casinos-of-2026-spartans-stake-bitcasino-io-rollbit-redefine-online-gambling/,2,Client Error,internal broken target with recorded inlinks,batch_1_internal_link_cleanup_and_404_mapping
https://bitcoininfonews.com/binance-adds-spot-pairs-to-altcoin-liquidity-program/,2,Client Error,internal broken target with recorded inlinks,batch_1_internal_link_cleanup_and_404_mapping
https://bitcoininfonews.com/bis-retail-gold-purchases-triple-six-months-institutions-accelerate-selling/,2,Client Error,internal broken target with recorded inlinks,batch_1_internal_link_cleanup_and_404_mapping
https://bitcoininfonews.com/bitcoin-bottom-not-in-yet-analyst-warns-of-slide-toward-40000/,2,Client Error,internal broken target with recorded inlinks,batch_1_internal_link_cleanup_and_404_mapping
https://bitcoininfonews.com/bitcoin-breaks-71000-as-btc-posts-1-62-daily-gain/,2,Client Error,internal broken target with recorded inlinks,batch_1_internal_link_cleanup_and_404_mapping
https://bitcoininfonews.com/bitcoin-etf-multiplier-effect-cory-klippstens-btc-case/,2,Client Error,internal broken target with recorded inlinks,batch_1_internal_link_cleanup_and_404_mapping
https://bitcoininfonews.com/bitcoin-falls-below-69000-down-1-27-on-the-day/,2,Client Error,internal broken target with recorded inlinks,batch_1_internal_link_cleanup_and_404_mapping
https://bitcoininfonews.com/bitcoin-falls-below-69000-down-on-the-day/,2,Client Error,internal broken target with recorded inlinks,batch_1_internal_link_cleanup_and_404_mapping
https://bitcoininfonews.com/bitcoin-holds-70k-ethereum-buy-zone-sec-crypto-framework-weekend-crypto-roundup/,2,Client Error,internal broken target with recorded inlinks,batch_1_internal_link_cleanup_and_404_mapping
https://bitcoininfonews.com/bitmax-denies-selling-bitcoin-overseas-transfers-security-measure/,2,Client Error,internal broken target with recorded inlinks,batch_1_internal_link_cleanup_and_404_mapping
https://bitcoininfonews.com/blackrock-ceo-projects-500m-annual-crypto-revenue-within-five-years/,2,Client Error,internal broken target with recorded inlinks,batch_1_internal_link_cleanup_and_404_mapping
https://bitcoininfonews.com/blackrock-ceo-projects-500m-annual-crypto-revenue/,2,Client Error,internal broken target with recorded inlinks,batch_1_internal_link_cleanup_and_404_mapping
https://bitcoininfonews.com/blockdag-trademay30-code-cardano-crypto-stability-hyperliquid-coin-trend/,2,Client Error,internal broken target with recorded inlinks,batch_1_internal_link_cleanup_and_404_mapping
https://bitcoininfonews.com/boyaa-interactive-sets-70-million-budget-to-acquire-cryptocurrency/,2,Client Error,internal broken target with recorded inlinks,batch_1_internal_link_cleanup_and_404_mapping
https://bitcoininfonews.com/brazilian-hackers-use-fake-google-play-store-to-mine-crypto-and-steal-usdt/,2,Client Error,internal broken target with recorded inlinks,batch_1_internal_link_cleanup_and_404_mapping
https://bitcoininfonews.com/btc-whale-opens-183m-long-position-eyes-10-price-targets/,2,Client Error,internal broken target with recorded inlinks,batch_1_internal_link_cleanup_and_404_mapping
https://bitcoininfonews.com/circle-unveils-new-token-to-give-bitcoin-more-utility/,2,Client Error,internal broken target with recorded inlinks,batch_1_internal_link_cleanup_and_404_mapping
https://bitcoininfonews.com/coinpayments-and-osl-group-partner-to-expand-crypto-services-in-asia-pacific/,2,Client Error,internal broken target with recorded inlinks,batch_1_internal_link_cleanup_and_404_mapping
https://bitcoininfonews.com/crypto-market-drops-btc-falls-below-71000-layer-2-tokens-plunge/,2,Client Error,internal broken target with recorded inlinks,batch_1_internal_link_cleanup_and_404_mapping
https://bitcoininfonews.com/crypto-news-roundup-key-developments-from-march-25-26-2026/,2,Client Error,internal broken target with recorded inlinks,batch_1_internal_link_cleanup_and_404_mapping
https://bitcoininfonews.com/delaware-bill-proposes-banking-regulation-for-stablecoins/,2,Client Error,internal broken target with recorded inlinks,batch_1_internal_link_cleanup_and_404_mapping
https://bitcoininfonews.com/drift-protocol-exploit-sees-285m-stolen-on-solana/,2,Client Error,internal broken target with recorded inlinks,batch_1_internal_link_cleanup_and_404_mapping
https://bitcoininfonews.com/drift-protocol-flags-unusual-activity-warns-users/,2,Client Error,internal broken target with recorded inlinks,batch_1_internal_link_cleanup_and_404_mapping
https://bitcoininfonews.com/ethereum-spot-etfs-post-92-5m-outflow-seventh-consecutive-day-in-the-red/,2,Client Error,internal broken target with recorded inlinks,batch_1_internal_link_cleanup_and_404_mapping
https://bitcoininfonews.com/fed-chair-nominee-kevin-warsh-has-crypto-exposure-in-portfolio/,2,Client Error,internal broken target with recorded inlinks,batch_1_internal_link_cleanup_and_404_mapping
https://bitcoininfonews.com/fed-governor-milan-still-expects-four-rate-cuts-in-2026/,2,Client Error,internal broken target with recorded inlinks,batch_1_internal_link_cleanup_and_404_mapping
https://bitcoininfonews.com/fed-key-cash-backstop-almost-empty-crypto-markets/,2,Client Error,internal broken target with recorded inlinks,batch_1_internal_link_cleanup_and_404_mapping
https://bitcoininfonews.com/fed-rate-cut-odds-vanishing-bitcoin/,2,Client Error,internal broken target with recorded inlinks,batch_1_internal_link_cleanup_and_404_mapping
https://bitcoininfonews.com/fed-waller-rate-hikes-not-necessary-bitcoin/,2,Client Error,internal broken target with recorded inlinks,batch_1_internal_link_cleanup_and_404_mapping
https://bitcoininfonews.com/fluid-suspends-usr-marketplace-promises-full-compensation-for-affected-users/,2,Client Error,internal broken target with recorded inlinks,batch_1_internal_link_cleanup_and_404_mapping
https://bitcoininfonews.com/gate-research-bitcoin-and-ethereum-enter-trend-release-phase-as-etf-inflows-and-short-covering-surge/,2,Client Error,internal broken target with recorded inlinks,batch_1_internal_link_cleanup_and_404_mapping
https://bitcoininfonews.com/goldman-sachs-holds-152m-in-xrp-etf-yet-xrp-faces-50-downside-risk/,2,Client Error,internal broken target with recorded inlinks,batch_1_internal_link_cleanup_and_404_mapping
https://bitcoininfonews.com/i-switched-from-my-bank-app-to-binance-as-my-main-wallet-heres-what-surprised-me/,2,Client Error,internal broken target with recorded inlinks,batch_1_internal_link_cleanup_and_404_mapping
https://bitcoininfonews.com/institutions-rising-energy-prices-constraining-rate-cuts-fueling-golds-rally/,2,Client Error,internal broken target with recorded inlinks,batch_1_internal_link_cleanup_and_404_mapping
https://bitcoininfonews.com/jpmorgan-bitcoin-outperformed-gold-during-iran-war-acting-as-safe-haven-asset/,2,Client Error,internal broken target with recorded inlinks,batch_1_internal_link_cleanup_and_404_mapping
https://bitcoininfonews.com/kb-card-partners-with-avalanche-on-hybrid-stablecoin-credit-card-payments/,2,Client Error,internal broken target with recorded inlinks,batch_1_internal_link_cleanup_and_404_mapping
https://bitcoininfonews.com/kevin-warsh-fed-chair-nomination-gets-key-u-s-consideration-date/,2,Client Error,internal broken target with recorded inlinks,batch_1_internal_link_cleanup_and_404_mapping
https://bitcoininfonews.com/kevin-warsh-fed-chair-nomination-stalls-what-it-means-for-crypto/,2,Client Error,internal broken target with recorded inlinks,batch_1_internal_link_cleanup_and_404_mapping
https://bitcoininfonews.com/lido-responds-resolv-labs-vulnerability-attack-user-funds-safe/,2,Client Error,internal broken target with recorded inlinks,batch_1_internal_link_cleanup_and_404_mapping
https://bitcoininfonews.com/lucky-independent-bitcoin-miner-nets-210000-btc-reward/,2,Client Error,internal broken target with recorded inlinks,batch_1_internal_link_cleanup_and_404_mapping
https://bitcoininfonews.com/morgan-stanley-bitcoin-etf-launches-wednesday-what-to-know/,2,Client Error,internal broken target with recorded inlinks,batch_1_internal_link_cleanup_and_404_mapping
https://bitcoininfonews.com/morgan-stanley-bitcoin-fund-tops-wisdomtree-volume/,2,Client Error,internal broken target with recorded inlinks,batch_1_internal_link_cleanup_and_404_mapping
https://bitcoininfonews.com/morgan-stanley-says-crypto-etf-adoption-is-still-early-as-advisor-access-expands-slowly/,2,Client Error,internal broken target with recorded inlinks,batch_1_internal_link_cleanup_and_404_mapping
https://bitcoininfonews.com/naoris-launches-post-quantum-blockchain-as-bitcoin-ethereum-devs-react/,2,Client Error,internal broken target with recorded inlinks,batch_1_internal_link_cleanup_and_404_mapping
https://bitcoininfonews.com/next-altcoin-to-10x-is-it-hype-link-ondo-or-avax/,2,Client Error,internal broken target with recorded inlinks,batch_1_internal_link_cleanup_and_404_mapping
https://bitcoininfonews.com/ondo-finance-tokenized-shares-bitget-spot-trading/,2,Client Error,internal broken target with recorded inlinks,batch_1_internal_link_cleanup_and_404_mapping
https://bitcoininfonews.com/ripple-launches-first-treasury-management-system-what-it-means-for-xrp-utility/,2,Client Error,internal broken target with recorded inlinks,batch_1_internal_link_cleanup_and_404_mapping
https://bitcoininfonews.com/ripple-prime-integrates-hyperliquid-hip-3-for-institutional-on-chain-perps/,2,Client Error,internal broken target with recorded inlinks,batch_1_internal_link_cleanup_and_404_mapping
https://bitcoininfonews.com/ripple-treasury-brings-xrp-and-rlusd-into-corporate-finance/,2,Client Error,internal broken target with recorded inlinks,batch_1_internal_link_cleanup_and_404_mapping
https://bitcoininfonews.com/santiment-whale-shark-addresses-add-61000-btc/,2,Client Error,internal broken target with recorded inlinks,batch_1_internal_link_cleanup_and_404_mapping
https://bitcoininfonews.com/schwab-plans-spot-bitcoin-ether-trading-launch-in-first-half-of-2026/,2,Client Error,internal broken target with recorded inlinks,batch_1_internal_link_cleanup_and_404_mapping
https://bitcoininfonews.com/scott-bessent-urges-congress-to-move-faster-on-crypto-rules/,2,Client Error,internal broken target with recorded inlinks,batch_1_internal_link_cleanup_and_404_mapping
https://bitcoininfonews.com/sec-and-cftc-issue-new-guidelines-for-crypto-interfaces/,2,Client Error,internal broken target with recorded inlinks,batch_1_internal_link_cleanup_and_404_mapping
https://bitcoininfonews.com/sec-cftc-joint-crypto-regulations-take-effect-monday/,2,Client Error,internal broken target with recorded inlinks,batch_1_internal_link_cleanup_and_404_mapping
https://bitcoininfonews.com/senate-banking-committee-to-consider-warsh-for-fed-chair-on-april-16/,2,Client Error,internal broken target with recorded inlinks,batch_1_internal_link_cleanup_and_404_mapping
https://bitcoininfonews.com/senator-warren-accuses-trump-blocking-federal-reserve-interest-rate-cuts/,2,Client Error,internal broken target with recorded inlinks,batch_1_internal_link_cleanup_and_404_mapping
https://bitcoininfonews.com/singapore-man-jailed-2-years-for-illegally-transferring-6-5m-in-crypto/,2,Client Error,internal broken target with recorded inlinks,batch_1_internal_link_cleanup_and_404_mapping
https://bitcoininfonews.com/sol-ada-doge-pull-back-as-bitcoin-holds-above-74k/,2,Client Error,internal broken target with recorded inlinks,batch_1_internal_link_cleanup_and_404_mapping
https://bitcoininfonews.com/solana-dapp-revenue-hits-18-month-low-as-sol-price-risks-80-retest/,2,Client Error,internal broken target with recorded inlinks,batch_1_internal_link_cleanup_and_404_mapping
https://bitcoininfonews.com/solana-price-nears-72-drop-from-ath-as-validator-count-shrinks/,2,Client Error,internal broken target with recorded inlinks,batch_1_internal_link_cleanup_and_404_mapping
https://bitcoininfonews.com/solana-stablecoin-supply-hits-all-time-high-amid-macroeconomic-crisis-fears/,2,Client Error,internal broken target with recorded inlinks,batch_1_internal_link_cleanup_and_404_mapping
https://bitcoininfonews.com/strive-surpasses-cleanspark-bitcoin-treasury-rankings-317-btc/,2,Client Error,internal broken target with recorded inlinks,batch_1_internal_link_cleanup_and_404_mapping
https://bitcoininfonews.com/strive-tuttle-file-leveraged-bitcoin-etf-what-it-means/,2,Client Error,internal broken target with recorded inlinks,batch_1_internal_link_cleanup_and_404_mapping
https://bitcoininfonews.com/subversive-bitcoin-spac-files-with-sec-to-go-public/,2,Client Error,internal broken target with recorded inlinks,batch_1_internal_link_cleanup_and_404_mapping
https://bitcoininfonews.com/t-rowe-price-crypto-etf-tradfi-fomo-inflow-surge/,2,Client Error,internal broken target with recorded inlinks,batch_1_internal_link_cleanup_and_404_mapping
https://bitcoininfonews.com/the-5x-liquidity-gap-why-stablecoin-reserve-distribution-matters-for-crypto-traders/,2,Client Error,internal broken target with recorded inlinks,batch_1_internal_link_cleanup_and_404_mapping
https://bitcoininfonews.com/thena-downtrend-continues-despite-exploit-denial-and-apr-boost/,2,Client Error,internal broken target with recorded inlinks,batch_1_internal_link_cleanup_and_404_mapping
https://bitcoininfonews.com/token-unlocks-this-week-12-altcoins-releasing-massive-supply-full-schedule/,2,Client Error,internal broken target with recorded inlinks,batch_1_internal_link_cleanup_and_404_mapping
https://bitcoininfonews.com/tokenized-stocks-are-being-driven-by-legacy-finance-not-crypto/,2,Client Error,internal broken target with recorded inlinks,batch_1_internal_link_cleanup_and_404_mapping
https://bitcoininfonews.com/tom-lee-predicted-crypto-winter-end-april/,2,Client Error,internal broken target with recorded inlinks,batch_1_internal_link_cleanup_and_404_mapping
https://bitcoininfonews.com/traders-now-see-better-than-50-chance-of-fed-rate-hike-in-2026/,2,Client Error,internal broken target with recorded inlinks,batch_1_internal_link_cleanup_and_404_mapping
https://bitcoininfonews.com/trump-fed-pick-kevin-warsh-discloses-spacex-polymarket-and-solana-holdings/,2,Client Error,internal broken target with recorded inlinks,batch_1_internal_link_cleanup_and_404_mapping
https://bitcoininfonews.com/trump-white-house-shrugs-off-stablecoin-yield-in-clarity-act-standoff/,2,Client Error,internal broken target with recorded inlinks,batch_1_internal_link_cleanup_and_404_mapping
https://bitcoininfonews.com/ubs-predicts-fed-could-make-first-interest-rate-cut-in-september/,2,Client Error,internal broken target with recorded inlinks,batch_1_internal_link_cleanup_and_404_mapping
https://bitcoininfonews.com/us-attorney-recovers-600k-in-ledger-wallet-crypto-fraud-case/,2,Client Error,internal broken target with recorded inlinks,batch_1_internal_link_cleanup_and_404_mapping
https://bitcoininfonews.com/us-crypto-etfs-lose-219m-one-day-fidelity-leads-bitcoin-outflows/,2,Client Error,internal broken target with recorded inlinks,batch_1_internal_link_cleanup_and_404_mapping
https://bitcoininfonews.com/us-crypto-spot-market-share-doubles-to-15-in-one-year/,2,Client Error,internal broken target with recorded inlinks,batch_1_internal_link_cleanup_and_404_mapping
https://bitcoininfonews.com/us-debt-crisis-and-government-insider-trading-the-case-for-bitcoin-as-the-only-exit/,2,Client Error,internal broken target with recorded inlinks,batch_1_internal_link_cleanup_and_404_mapping
https://bitcoininfonews.com/us-government-moves-bitcoin-linked-to-9-billion-bitfinex-hack/,2,Client Error,internal broken target with recorded inlinks,batch_1_internal_link_cleanup_and_404_mapping
https://bitcoininfonews.com/us-labor-market-weakness-puts-more-pressure-on-crypto/,2,Client Error,internal broken target with recorded inlinks,batch_1_internal_link_cleanup_and_404_mapping
https://bitcoininfonews.com/vaneck-bitcoin-long-term-holder-selling-slowdown/,2,Client Error,internal broken target with recorded inlinks,batch_1_internal_link_cleanup_and_404_mapping
https://bitcoininfonews.com/war-talk-hits-conflict-era-low-heres-what-it-means-for-bitcoin/,2,Client Error,internal broken target with recorded inlinks,batch_1_internal_link_cleanup_and_404_mapping
https://bitcoininfonews.com/warsh-crypto-holdings-revealed-fed-disclosure/,2,Client Error,internal broken target with recorded inlinks,batch_1_internal_link_cleanup_and_404_mapping
https://bitcoininfonews.com/white-house-signals-breakthrough-clarity-act-stablecoin-rules/,2,Client Error,internal broken target with recorded inlinks,batch_1_internal_link_cleanup_and_404_mapping
https://bitcoininfonews.com/white-house-signals-breakthrough-on-clarity-act-as-stablecoin-rules-near/,2,Client Error,internal broken target with recorded inlinks,batch_1_internal_link_cleanup_and_404_mapping
https://bitcoininfonews.com/why-bitcoin-is-up-6-at-75000-as-ether-and-xrp-rally/,2,Client Error,internal broken target with recorded inlinks,batch_1_internal_link_cleanup_and_404_mapping
https://bitcoininfonews.com/xrp-all-time-high-in-sight-as-3-technicals-align/,2,Client Error,internal broken target with recorded inlinks,batch_1_internal_link_cleanup_and_404_mapping
https://bitcoininfonews.com/xrp-could-be-the-hidden-beneficiary-of-fednow-expansion/,2,Client Error,internal broken target with recorded inlinks,batch_1_internal_link_cleanup_and_404_mapping
https://bitcoininfonews.com/xrp-debate-returns-david-schwartz-clarifies-value-dynamics/,2,Client Error,internal broken target with recorded inlinks,batch_1_internal_link_cleanup_and_404_mapping
https://bitcoininfonews.com/xrp-derivatives-market-shrinks-78-from-peak/,2,Client Error,internal broken target with recorded inlinks,batch_1_internal_link_cleanup_and_404_mapping
https://bitcoininfonews.com/xrp-etf-inflows-hit-1-4-billion-despite-crypto-market-downturn/,2,Client Error,internal broken target with recorded inlinks,batch_1_internal_link_cleanup_and_404_mapping
https://bitcoininfonews.com/xrp-gains-strength-as-exchange-reserves-drop-1-40-in-focus/,2,Client Error,internal broken target with recorded inlinks,batch_1_internal_link_cleanup_and_404_mapping
https://bitcoininfonews.com/xrp-ledger-active-addresses-drop-41-santiment-says/,2,Client Error,internal broken target with recorded inlinks,batch_1_internal_link_cleanup_and_404_mapping
https://bitcoininfonews.com/xrp-open-interest-rises-as-traders-position-for-sec-etf-ruling/,2,Client Error,internal broken target with recorded inlinks,batch_1_internal_link_cleanup_and_404_mapping
https://bitcoininfonews.com/xrp-price-falls-as-spot-etf-flows-turn-negative/,2,Client Error,internal broken target with recorded inlinks,batch_1_internal_link_cleanup_and_404_mapping
https://bitcoininfonews.com/xrp-price-falls-ripple-sec-settlement/,2,Client Error,internal broken target with recorded inlinks,batch_1_internal_link_cleanup_and_404_mapping
https://bitcoininfonews.com/xrp-spot-etf-data-released-has-the-1-billion-xrp-target-been-reached/,2,Client Error,internal broken target with recorded inlinks,batch_1_internal_link_cleanup_and_404_mapping
https://bitcoininfonews.com/xrp-spot-etf-experiences-significant-outflow-what-it-means/,2,Client Error,internal broken target with recorded inlinks,batch_1_internal_link_cleanup_and_404_mapping
https://bitcoininfonews.com/xrp-supply-binance-rises-price-falls-structure-points-new-lows/,2,Client Error,internal broken target with recorded inlinks,batch_1_internal_link_cleanup_and_404_mapping
https://bitcoininfonews.com/179-million-crypto-contracts-liquidated-24-hours-longs-shorts-hit/,1,Client Error,internal broken target with recorded inlinks,batch_1_internal_link_cleanup_and_404_mapping
https://bitcoininfonews.com/193-million-crypto-liquidations-24-hours-shorts-squeezed,1,Client Error,internal broken target with recorded inlinks,batch_1_internal_link_cleanup_and_404_mapping
https://bitcoininfonews.com/193-million-in-crypto-liquidations-hit-in-24-hours-as-shorts-get-squeezed/,1,Client Error,internal broken target with recorded inlinks,batch_1_internal_link_cleanup_and_404_mapping
https://bitcoininfonews.com/250m-asset-manager-on-morgan-stanley-bitcoin-etf-impact/,1,Client Error,internal broken target with recorded inlinks,batch_1_internal_link_cleanup_and_404_mapping
https://bitcoininfonews.com/3-token-unlocks-late-march-2026-zro-h-gunz/,1,Client Error,internal broken target with recorded inlinks,batch_1_internal_link_cleanup_and_404_mapping
https://bitcoininfonews.com/631-million-crypto-contracts-liquidated-24-hours/,1,Client Error,internal broken target with recorded inlinks,batch_1_internal_link_cleanup_and_404_mapping
https://bitcoininfonews.com/73m-crypto-liquidations-hit-markets-24-hours-longs-absorb-losses/,1,Client Error,internal broken target with recorded inlinks,batch_1_internal_link_cleanup_and_404_mapping
https://bitcoininfonews.com/73m-crypto-liquidations-hit-markets-24-hours/,1,Client Error,internal broken target with recorded inlinks,batch_1_internal_link_cleanup_and_404_mapping
https://bitcoininfonews.com/73m-in-crypto-liquidations-hit-markets-in-24-hours-longs-absorb-most-losses/,1,Client Error,internal broken target with recorded inlinks,batch_1_internal_link_cleanup_and_404_mapping
https://bitcoininfonews.com/?p=34903,1,Client Error,internal broken target with recorded inlinks,batch_1_internal_link_cleanup_and_404_mapping
https://bitcoininfonews.com/?p=34937,1,Client Error,internal broken target with recorded inlinks,batch_1_internal_link_cleanup_and_404_mapping
https://bitcoininfonews.com/banque-syz-crypto-strategy-heir-departure/,1,Client Error,internal broken target with recorded inlinks,batch_1_internal_link_cleanup_and_404_mapping
https://bitcoininfonews.com/binance-alpha-airdrop-opens-today-240-points-minimum-required/,1,Client Error,internal broken target with recorded inlinks,batch_1_internal_link_cleanup_and_404_mapping
https://bitcoininfonews.com/binance-alpha-airdrop-opens-today-240-points-minimum/,1,Client Error,internal broken target with recorded inlinks,batch_1_internal_link_cleanup_and_404_mapping
https://bitcoininfonews.com/binance-alpha-airdrop-opens-today/,1,Client Error,internal broken target with recorded inlinks,batch_1_internal_link_cleanup_and_404_mapping
https://bitcoininfonews.com/bis-retail-gold-purchases-triple-six-months-institutions-selling/,1,Client Error,internal broken target with recorded inlinks,batch_1_internal_link_cleanup_and_404_mapping
https://bitcoininfonews.com/bitcoin-125k-etf-regulatory-change/source1,1,Client Error,internal broken target with recorded inlinks,batch_1_internal_link_cleanup_and_404_mapping
https://bitcoininfonews.com/bitcoin-70k-ethereum-buy-zone-sec-crypto-framework-weekend-roundup/,1,Client Error,internal broken target with recorded inlinks,batch_1_internal_link_cleanup_and_404_mapping
https://bitcoininfonews.com/bitcoin-and-ethereum-options-worth-1-97-billion-expire-today/,1,Client Error,internal broken target with recorded inlinks,batch_1_internal_link_cleanup_and_404_mapping
https://bitcoininfonews.com/bitcoin-bottom-analyst-warns-slide-40000/,1,Client Error,internal broken target with recorded inlinks,batch_1_internal_link_cleanup_and_404_mapping
https://bitcoininfonews.com/bitcoin-breaks-71000-btc-posts-162-daily-gain/,1,Client Error,internal broken target with recorded inlinks,batch_1_internal_link_cleanup_and_404_mapping
https://bitcoininfonews.com/bitcoin-depot-3-6m-hack-sparks-backlash-over-3-day-delay/,1,Client Error,internal broken target with recorded inlinks,batch_1_internal_link_cleanup_and_404_mapping
https://bitcoininfonews.com/bitcoin-etf-inflows-march/,1,Client Error,internal broken target with recorded inlinks,batch_1_internal_link_cleanup_and_404_mapping
https://bitcoininfonews.com/bitcoin-etf-multiplier-effect-cory-klippsten-btc/,1,Client Error,internal broken target with recorded inlinks,batch_1_internal_link_cleanup_and_404_mapping
https://bitcoininfonews.com/bitcoin-etf-outflows-accelerate-risk-assets-face-broad-sell-off/,1,Client Error,internal broken target with recorded inlinks,batch_1_internal_link_cleanup_and_404_mapping
https://bitcoininfonews.com/bitcoin-etf-outflows-accelerate-risk-assets-sell-off,1,Client Error,internal broken target with recorded inlinks,batch_1_internal_link_cleanup_and_404_mapping
https://bitcoininfonews.com/bitcoin-etf-outflows-risk-assets-sell-off/,1,Client Error,internal broken target with recorded inlinks,batch_1_internal_link_cleanup_and_404_mapping
https://bitcoininfonews.com/bitcoin-ethereum-options-1-97-billion-expire-today/,1,Client Error,internal broken target with recorded inlinks,batch_1_internal_link_cleanup_and_404_mapping
https://bitcoininfonews.com/bitcoin-ethereum-options-expire-today/,1,Client Error,internal broken target with recorded inlinks,batch_1_internal_link_cleanup_and_404_mapping
https://bitcoininfonews.com/bitcoin-ethereum-trend-release-phase-etf-inflows-short-covering/,1,Client Error,internal broken target with recorded inlinks,batch_1_internal_link_cleanup_and_404_mapping
https://bitcoininfonews.com/bitcoin-low-volatility-65k-support/,1,Client Error,internal broken target with recorded inlinks,batch_1_internal_link_cleanup_and_404_mapping
https://bitcoininfonews.com/bitcoin-price-down-today-btc-tests-below-65000-liquidations-key-data/,1,Client Error,internal broken target with recorded inlinks,batch_1_internal_link_cleanup_and_404_mapping
https://bitcoininfonews.com/bitcoin-supercycle-record-low-retail-demand-meets-18b-etf-flows/,1,Client Error,internal broken target with recorded inlinks,batch_1_internal_link_cleanup_and_404_mapping
https://bitcoininfonews.com/bitcoin-up-6-percent-75000-ether-xrp-rally/,1,Client Error,internal broken target with recorded inlinks,batch_1_internal_link_cleanup_and_404_mapping
https://bitcoininfonews.com/bitget-delist-blum-usdt-less-than-year-after-listing/,1,Client Error,internal broken target with recorded inlinks,batch_1_internal_link_cleanup_and_404_mapping
https://bitcoininfonews.com/bitget-delist-blum-usdt-token,1,Client Error,internal broken target with recorded inlinks,batch_1_internal_link_cleanup_and_404_mapping
https://bitcoininfonews.com/bitget-to-delist-blum-usdt-less-than-year-after-listing/,1,Client Error,internal broken target with recorded inlinks,batch_1_internal_link_cleanup_and_404_mapping
https://bitcoininfonews.com/bitmax-denies-selling-bitcoin-says-overseas-transfers-are-a-security-measure/,1,Client Error,internal broken target with recorded inlinks,batch_1_internal_link_cleanup_and_404_mapping
https://bitcoininfonews.com/blackrock-deposits-47728-eth-and-544-btc-into-coinbase-prime/,1,Client Error,internal broken target with recorded inlinks,batch_1_internal_link_cleanup_and_404_mapping
https://bitcoininfonews.com/blackrock-deposits-eth-btc-coinbase-prime/,1,Client Error,internal broken target with recorded inlinks,batch_1_internal_link_cleanup_and_404_mapping
https://bitcoininfonews.com/blackrock-ethereum-etf-surpasses-250m-aum-first-week-trading/,1,Client Error,internal broken target with recorded inlinks,batch_1_internal_link_cleanup_and_404_mapping
https://bitcoininfonews.com/blackrock-ethereum-etf-surpasses-250m-aum-first-week/,1,Client Error,internal broken target with recorded inlinks,batch_1_internal_link_cleanup_and_404_mapping
https://bitcoininfonews.com/blackrock-ethereum-etf-surpasses-250m-aum-in-first-week-of-trading/,1,Client Error,internal broken target with recorded inlinks,batch_1_internal_link_cleanup_and_404_mapping
https://bitcoininfonews.com/blockdag-trademay30-cardano-hyperliquid/,1,Client Error,internal broken target with recorded inlinks,batch_1_internal_link_cleanup_and_404_mapping
https://bitcoininfonews.com/boyaa-interactive-70-million-budget-cryptocurrency/,1,Client Error,internal broken target with recorded inlinks,batch_1_internal_link_cleanup_and_404_mapping
https://bitcoininfonews.com/brazilian-hackers-google-play-crypto-usdt/,1,Client Error,internal broken target with recorded inlinks,batch_1_internal_link_cleanup_and_404_mapping
https://bitcoininfonews.com/btc-whale-183m-long-position-price-targets/,1,Client Error,internal broken target with recorded inlinks,batch_1_internal_link_cleanup_and_404_mapping
https://bitcoininfonews.com/bydfi-expands-european-reach-next-block-expo-2026-warsaw/,1,Client Error,internal broken target with recorded inlinks,batch_1_internal_link_cleanup_and_404_mapping
https://bitcoininfonews.com/bydfis-expands-european-reach-with-next-block-expo-2026-sponsorship-in-warsaw/,1,Client Error,internal broken target with recorded inlinks,batch_1_internal_link_cleanup_and_404_mapping
https://bitcoininfonews.com/citibank-estimates-hong-kong-stablecoin-market-at-hk124-8-billion-as-licensed-exchanges-eye-gains/,1,Client Error,internal broken target with recorded inlinks,batch_1_internal_link_cleanup_and_404_mapping
https://bitcoininfonews.com/citibank-hong-kong-stablecoin-market-hk124-8-billion/,1,Client Error,internal broken target with recorded inlinks,batch_1_internal_link_cleanup_and_404_mapping
https://bitcoininfonews.com/coin-center-trump-admin-pro-crypto-rhetoric-clashes-with-ongoing-lawsuits-against-privacy-developers/,1,Client Error,internal broken target with recorded inlinks,batch_1_internal_link_cleanup_and_404_mapping
https://bitcoininfonews.com/coin-center-trump-admin-pro-crypto-rhetoric-lawsuits-privacy-developers/,1,Client Error,internal broken target with recorded inlinks,batch_1_internal_link_cleanup_and_404_mapping
https://bitcoininfonews.com/coin-center-trump-admins-pro-crypto-rhetoric-clashes-with-ongoing-lawsuits-against-privacy-developers/,1,Client Error,internal broken target with recorded inlinks,batch_1_internal_link_cleanup_and_404_mapping
https://bitcoininfonews.com/coinpayments-osl-group-partner-expand-crypto-services-asia-pacific/,1,Client Error,internal broken target with recorded inlinks,batch_1_internal_link_cleanup_and_404_mapping
https://bitcoininfonews.com/comparing-market-value-xrp-dogecoin-chainlink-blockdag-lead-the-top-performing-crypto-today/,1,Client Error,internal broken target with recorded inlinks,batch_1_internal_link_cleanup_and_404_mapping
https://bitcoininfonews.com/crypto-first-quarter-profit-squeeze-warning-coinbase-robinhood-figure/,1,Client Error,internal broken target with recorded inlinks,batch_1_internal_link_cleanup_and_404_mapping
https://bitcoininfonews.com/crypto-first-quarter-profit-squeeze-warning-hits-coinbase-robinhood-figure/,1,Client Error,internal broken target with recorded inlinks,batch_1_internal_link_cleanup_and_404_mapping
https://bitcoininfonews.com/crypto-high-forecast-analysis/www.tygrx.com,1,Client Error,internal broken target with recorded inlinks,batch_1_internal_link_cleanup_and_404_mapping
https://bitcoininfonews.com/crypto-implied-volatility-stays-high-gold-oil-vol-retreats/,1,Client Error,internal broken target with recorded inlinks,batch_1_internal_link_cleanup_and_404_mapping
https://bitcoininfonews.com/crypto-liquidations-hit-193-million-24-hours-shorts-squeezed/,1,Client Error,internal broken target with recorded inlinks,batch_1_internal_link_cleanup_and_404_mapping
https://bitcoininfonews.com/crypto-market-drops-for-second-day-btc-falls-below-71000-layer-2-tokens-plunge-6/,1,Client Error,internal broken target with recorded inlinks,batch_1_internal_link_cleanup_and_404_mapping
https://bitcoininfonews.com/crypto-news-roundup-key-developments-march-25-26-2026/,1,Client Error,internal broken target with recorded inlinks,batch_1_internal_link_cleanup_and_404_mapping
https://bitcoininfonews.com/delaware-bill-proposes-banking-regulation-stablecoins/,1,Client Error,internal broken target with recorded inlinks,batch_1_internal_link_cleanup_and_404_mapping
https://bitcoininfonews.com/drift-protocol-exploit-285m-stolen-solana/,1,Client Error,internal broken target with recorded inlinks,batch_1_internal_link_cleanup_and_404_mapping
https://bitcoininfonews.com/drift-protocol-hack-sparks-iou-airdrop-backlash/,1,Client Error,internal broken target with recorded inlinks,batch_1_internal_link_cleanup_and_404_mapping
https://bitcoininfonews.com/ecb-defi-dao-governance-tokens-may-not-qualify-for-mica-exemptions/,1,Client Error,internal broken target with recorded inlinks,batch_1_internal_link_cleanup_and_404_mapping
https://bitcoininfonews.com/ecb-defi-dao-governance-tokens-may-not-qualify-mica-exemptions/,1,Client Error,internal broken target with recorded inlinks,batch_1_internal_link_cleanup_and_404_mapping
https://bitcoininfonews.com/ecb-defi-dao-governance-tokens-mica-exemptions/,1,Client Error,internal broken target with recorded inlinks,batch_1_internal_link_cleanup_and_404_mapping
https://bitcoininfonews.com/ethereum-crypto-early-strength-over-bitcoin-q2-shift-momentum/,1,Client Error,internal broken target with recorded inlinks,batch_1_internal_link_cleanup_and_404_mapping
https://bitcoininfonews.com/ethereum-spot-etf-55-7m-net-outflow/,1,Client Error,internal broken target with recorded inlinks,batch_1_internal_link_cleanup_and_404_mapping
https://bitcoininfonews.com/ethereum-spot-etf-55-million-net-outflow/,1,Client Error,internal broken target with recorded inlinks,batch_1_internal_link_cleanup_and_404_mapping
https://bitcoininfonews.com/ethereum-spot-etf-outflows-48-million-8th-day/,1,Client Error,internal broken target with recorded inlinks,batch_1_internal_link_cleanup_and_404_mapping
https://bitcoininfonews.com/ethereum-spot-etf-outflows-hit-48-5m-for-8th-straight-day/,1,Client Error,internal broken target with recorded inlinks,batch_1_internal_link_cleanup_and_404_mapping
https://bitcoininfonews.com/ethereum-spot-etf-records-55-7m-net-outflow-latest-session/,1,Client Error,internal broken target with recorded inlinks,batch_1_internal_link_cleanup_and_404_mapping
https://bitcoininfonews.com/ethereum-spot-etfs-92-5m-outflow-seventh-consecutive-day/,1,Client Error,internal broken target with recorded inlinks,batch_1_internal_link_cleanup_and_404_mapping
https://bitcoininfonews.com/ethereum-spot-etfs-bleed-59-94m-weekly-outflows-blackrock-etha/,1,Client Error,internal broken target with recorded inlinks,batch_1_internal_link_cleanup_and_404_mapping
https://bitcoininfonews.com/ethereum-world-reserve-asset-emerges/url1,1,Client Error,internal broken target with recorded inlinks,batch_1_internal_link_cleanup_and_404_mapping
https://bitcoininfonews.com/ethereum-world-reserve-asset-emerges/url2,1,Client Error,internal broken target with recorded inlinks,batch_1_internal_link_cleanup_and_404_mapping
https://bitcoininfonews.com/ethereum-world-reserve-asset-emerges/url3,1,Client Error,internal broken target with recorded inlinks,batch_1_internal_link_cleanup_and_404_mapping
https://bitcoininfonews.com/ethereum-world-reserve-asset-emerges/url4,1,Client Error,internal broken target with recorded inlinks,batch_1_internal_link_cleanup_and_404_mapping
https://bitcoininfonews.com/ethereum-world-reserve-asset-emerges/url5,1,Client Error,internal broken target with recorded inlinks,batch_1_internal_link_cleanup_and_404_mapping
https://bitcoininfonews.com/evernorth-amended-sec-filing-deepens-xrp-role-in-crypto-market-structure/,1,Client Error,internal broken target with recorded inlinks,batch_1_internal_link_cleanup_and_404_mapping
https://bitcoininfonews.com/exclusive-250m-asset-manager-on-morgan-stanley-bitcoin-etf-impact/,1,Client Error,internal broken target with recorded inlinks,batch_1_internal_link_cleanup_and_404_mapping
https://bitcoininfonews.com/fed-governor-milan-rate-cuts-2026/,1,Client Error,internal broken target with recorded inlinks,batch_1_internal_link_cleanup_and_404_mapping
https://bitcoininfonews.com/fed-rate-hike-odds-top-30-bank-of-america-conditions,1,Client Error,internal broken target with recorded inlinks,batch_1_internal_link_cleanup_and_404_mapping
https://bitcoininfonews.com/feds-key-cash-backstop-almost-empty-crypto-markets/,1,Client Error,internal broken target with recorded inlinks,batch_1_internal_link_cleanup_and_404_mapping
https://bitcoininfonews.com/feds-waller-says-rate-hikes-not-necessary-what-it-means-for-bitcoin/,1,Client Error,internal broken target with recorded inlinks,batch_1_internal_link_cleanup_and_404_mapping
https://bitcoininfonews.com/fet-token-price-surges-66-as-ai-crypto-momentum-builds-but-signals-flash-caution/,1,Client Error,internal broken target with recorded inlinks,batch_1_internal_link_cleanup_and_404_mapping
https://bitcoininfonews.com/fet-token-price-surges-ai-crypto-momentum/,1,Client Error,internal broken target with recorded inlinks,batch_1_internal_link_cleanup_and_404_mapping
https://bitcoininfonews.com/fluid-suspends-usr-marketplace-compensation/,1,Client Error,internal broken target with recorded inlinks,batch_1_internal_link_cleanup_and_404_mapping
https://bitcoininfonews.com/forget-xrp-forecasts-delusional-crowd-last-laugh/,1,Client Error,internal broken target with recorded inlinks,batch_1_internal_link_cleanup_and_404_mapping
https://bitcoininfonews.com/forget-xrp-forecasts-why-the-delusional-crowd-could-have-the-last-laugh/,1,Client Error,internal broken target with recorded inlinks,batch_1_internal_link_cleanup_and_404_mapping
https://bitcoininfonews.com/gate-integrates-polymarket-1000-gt-incentive-program/,1,Client Error,internal broken target with recorded inlinks,batch_1_internal_link_cleanup_and_404_mapping
https://bitcoininfonews.com/gate-integrates-polymarket-launches-1000-gt-incentive-program-trend-proposals/,1,Client Error,internal broken target with recorded inlinks,batch_1_internal_link_cleanup_and_404_mapping
https://bitcoininfonews.com/gate-integrates-with-polymarket-launches-1000-gt-incentive-program-for-trend-proposals/,1,Client Error,internal broken target with recorded inlinks,batch_1_internal_link_cleanup_and_404_mapping
https://bitcoininfonews.com/gate-research-crypto-implied-volatility-stays-high-as-gold-and-oil-vol-retreats/,1,Client Error,internal broken target with recorded inlinks,batch_1_internal_link_cleanup_and_404_mapping
https://bitcoininfonews.com/gate-research-crypto-implied-volatility-stays-high/,1,Client Error,internal broken target with recorded inlinks,batch_1_internal_link_cleanup_and_404_mapping
https://bitcoininfonews.com/goldman-sachs-152m-xrp-etf-50-percent-downside-risk/,1,Client Error,internal broken target with recorded inlinks,batch_1_internal_link_cleanup_and_404_mapping
https://bitcoininfonews.com/hashdex-crypto-index-etf-adds-cardano-chainlink-7-assets/,1,Client Error,internal broken target with recorded inlinks,batch_1_internal_link_cleanup_and_404_mapping
https://bitcoininfonews.com/hashdex-crypto-index-etf-adds-cardano-chainlink/,1,Client Error,internal broken target with recorded inlinks,batch_1_internal_link_cleanup_and_404_mapping
https://bitcoininfonews.com/hk-securities-association-head-flags-controversy-over-virtual-asset-brokerage-registration-rules/,1,Client Error,internal broken target with recorded inlinks,batch_1_internal_link_cleanup_and_404_mapping
https://bitcoininfonews.com/hk-securities-association-virtual-asset-brokerage-registration-rules/,1,Client Error,internal broken target with recorded inlinks,batch_1_internal_link_cleanup_and_404_mapping
https://bitcoininfonews.com/i-switched-from-bank-app-to-binance-main-wallet/,1,Client Error,internal broken target with recorded inlinks,batch_1_internal_link_cleanup_and_404_mapping
https://bitcoininfonews.com/institutions-rising-energy-prices-are-constraining-rate-cuts-fueling-golds-rally/,1,Client Error,internal broken target with recorded inlinks,batch_1_internal_link_cleanup_and_404_mapping
https://bitcoininfonews.com/kb-card-avalanche-hybrid-stablecoin-credit-card-payments/,1,Client Error,internal broken target with recorded inlinks,batch_1_internal_link_cleanup_and_404_mapping
https://bitcoininfonews.com/kevin-warsh-fed-chair-nomination-crypto/,1,Client Error,internal broken target with recorded inlinks,batch_1_internal_link_cleanup_and_404_mapping
https://bitcoininfonews.com/lido-responds-to-resolv-labs-vulnerability-attack-user-funds-are-safe/,1,Client Error,internal broken target with recorded inlinks,batch_1_internal_link_cleanup_and_404_mapping
https://bitcoininfonews.com/major-update-approved-surprise-altcoin-changes-coming/,1,Client Error,internal broken target with recorded inlinks,batch_1_internal_link_cleanup_and_404_mapping
https://bitcoininfonews.com/morgan-stanley-bitcoin-etf-launches-wednesday/,1,Client Error,internal broken target with recorded inlinks,batch_1_internal_link_cleanup_and_404_mapping
https://bitcoininfonews.com/naoris-launches-post-quantum-blockchain-bitcoin-ethereum-devs-react/,1,Client Error,internal broken target with recorded inlinks,batch_1_internal_link_cleanup_and_404_mapping
https://bitcoininfonews.com/nyse-cpo-blockchain-integrate-existing-systems/,1,Client Error,internal broken target with recorded inlinks,batch_1_internal_link_cleanup_and_404_mapping
https://bitcoininfonews.com/nyse-cpo-blockchain-will-integrate-into-existing-systems-not-replace-them/,1,Client Error,internal broken target with recorded inlinks,batch_1_internal_link_cleanup_and_404_mapping
https://bitcoininfonews.com/okx-singapore-stablecoin-visa-debit-card/,1,Client Error,internal broken target with recorded inlinks,batch_1_internal_link_cleanup_and_404_mapping
https://bitcoininfonews.com/one-of-a-kind-mansory-jesko-is-shifting-the-elite-player-base-from-winna-sportsbet-io-to-spartans-com/,1,Client Error,internal broken target with recorded inlinks,batch_1_internal_link_cleanup_and_404_mapping
https://bitcoininfonews.com/opensea-delays-sea-token-launch-as-nft-market-slump-deepens/,1,Client Error,internal broken target with recorded inlinks,batch_1_internal_link_cleanup_and_404_mapping
https://bitcoininfonews.com/plubit-targets-trader-survival-with-new-exchange-model/,1,Client Error,internal broken target with recorded inlinks,batch_1_internal_link_cleanup_and_404_mapping
https://bitcoininfonews.com/plubit-trader-survival-exchange-model/,1,Client Error,internal broken target with recorded inlinks,batch_1_internal_link_cleanup_and_404_mapping
https://bitcoininfonews.com/polygon-launches-spol-liquid-staking-token-unlock-native-defi/,1,Client Error,internal broken target with recorded inlinks,batch_1_internal_link_cleanup_and_404_mapping
https://bitcoininfonews.com/polymarket-acquires-brahma-boost-defi-infrastructure-trading-performance/,1,Client Error,internal broken target with recorded inlinks,batch_1_internal_link_cleanup_and_404_mapping
https://bitcoininfonews.com/polymarket-acquires-brahma-to-boost-defi-infrastructure-and-trading-performance/,1,Client Error,internal broken target with recorded inlinks,batch_1_internal_link_cleanup_and_404_mapping
https://bitcoininfonews.com/powell-replacement-rumors-bessent/url1,1,Client Error,internal broken target with recorded inlinks,batch_1_internal_link_cleanup_and_404_mapping
https://bitcoininfonews.com/ripple-clo-praises-sec-crypto-safe-harbor-proposal-as-xrp-rallies/,1,Client Error,internal broken target with recorded inlinks,batch_1_internal_link_cleanup_and_404_mapping
https://bitcoininfonews.com/ripple-clo-praises-sec-crypto-safe-harbor-proposal-xrp-rallies/,1,Client Error,internal broken target with recorded inlinks,batch_1_internal_link_cleanup_and_404_mapping
https://bitcoininfonews.com/ripple-prime-integrates-hyperliquid-hip-3-institutional-on-chain-perps/,1,Client Error,internal broken target with recorded inlinks,batch_1_internal_link_cleanup_and_404_mapping
https://bitcoininfonews.com/ripple-rlusd-automated-settlement-singapore/,1,Client Error,internal broken target with recorded inlinks,batch_1_internal_link_cleanup_and_404_mapping
https://bitcoininfonews.com/ripple-tests-rlusd-automated-settlement-for-cross-border-trade-in-singapore-sandbox/,1,Client Error,internal broken target with recorded inlinks,batch_1_internal_link_cleanup_and_404_mapping
https://bitcoininfonews.com/santiment-whale-and-shark-addresses-add-61000-btc/,1,Client Error,internal broken target with recorded inlinks,batch_1_internal_link_cleanup_and_404_mapping
https://bitcoininfonews.com/scott-bessent-urges-congress-move-faster-crypto-rules/,1,Client Error,internal broken target with recorded inlinks,batch_1_internal_link_cleanup_and_404_mapping
https://bitcoininfonews.com/sec-and-cftc-new-rules-unlock-three-compliant-crypto-fundraising-models-without-token-sales/,1,Client Error,internal broken target with recorded inlinks,batch_1_internal_link_cleanup_and_404_mapping
https://bitcoininfonews.com/sec-approves-nasdaq-tokenized-settlement-pilot-what-investors-need-to-know/,1,Client Error,internal broken target with recorded inlinks,batch_1_internal_link_cleanup_and_404_mapping
https://bitcoininfonews.com/sec-approves-nasdaq-tokenized-settlement-pilot/,1,Client Error,internal broken target with recorded inlinks,batch_1_internal_link_cleanup_and_404_mapping
https://bitcoininfonews.com/sec-cftc-crypto-fundraising-models/,1,Client Error,internal broken target with recorded inlinks,batch_1_internal_link_cleanup_and_404_mapping
https://bitcoininfonews.com/sec-cftc-joint-crypto-regulations-take-effect/INTERNAL_LINK_1,1,Client Error,internal broken target with recorded inlinks,batch_1_internal_link_cleanup_and_404_mapping
https://bitcoininfonews.com/sec-cftc-joint-crypto-regulations-take-effect/INTERNAL_LINK_2,1,Client Error,internal broken target with recorded inlinks,batch_1_internal_link_cleanup_and_404_mapping
https://bitcoininfonews.com/sec-cftc-joint-crypto-regulations-take-effect/INTERNAL_LINK_3,1,Client Error,internal broken target with recorded inlinks,batch_1_internal_link_cleanup_and_404_mapping
https://bitcoininfonews.com/sec-cftc-new-rules-three-compliant-crypto-fundraising-models/,1,Client Error,internal broken target with recorded inlinks,batch_1_internal_link_cleanup_and_404_mapping
https://bitcoininfonews.com/sec-crypto-enforcement-cases-investor-protection/,1,Client Error,internal broken target with recorded inlinks,batch_1_internal_link_cleanup_and_404_mapping
https://bitcoininfonews.com/sec-crypto-enforcement-cases-miss-investor-protection-goals/,1,Client Error,internal broken target with recorded inlinks,batch_1_internal_link_cleanup_and_404_mapping
https://bitcoininfonews.com/sec-crypto-enforcement-cases-that-miss-investor-protection-goals/,1,Client Error,internal broken target with recorded inlinks,batch_1_internal_link_cleanup_and_404_mapping
https://bitcoininfonews.com/sec-crypto-safe-harbor-debate-grows-around-token-safe-harbor-proposal-3-0/,1,Client Error,internal broken target with recorded inlinks,batch_1_internal_link_cleanup_and_404_mapping
https://bitcoininfonews.com/sec-crypto-safe-harbor-debate-grows-around-token-safe-harbor-proposal/,1,Client Error,internal broken target with recorded inlinks,batch_1_internal_link_cleanup_and_404_mapping
https://bitcoininfonews.com/sec-crypto-safe-harbor-debate-token-safe-harbor-proposal/,1,Client Error,internal broken target with recorded inlinks,batch_1_internal_link_cleanup_and_404_mapping
https://bitcoininfonews.com/secure-95x-instant-roi-with-blockdags-limited-time-0-0000061-offer-xrp-eyes-enterprise-growth-shib-dips-2/,1,Client Error,internal broken target with recorded inlinks,batch_1_internal_link_cleanup_and_404_mapping
https://bitcoininfonews.com/senator-warren-trump-federal-reserve-rate-cuts/,1,Client Error,internal broken target with recorded inlinks,batch_1_internal_link_cleanup_and_404_mapping
https://bitcoininfonews.com/senators-revised-stablecoin-earnings-draft-crypto-market-structure/,1,Client Error,internal broken target with recorded inlinks,batch_1_internal_link_cleanup_and_404_mapping
https://bitcoininfonews.com/singapore-man-jailed-illegally-transferring-crypto/,1,Client Error,internal broken target with recorded inlinks,batch_1_internal_link_cleanup_and_404_mapping
https://bitcoininfonews.com/small-altcoin-doubles-market-cap-binance-futures-hashkey-listings/,1,Client Error,internal broken target with recorded inlinks,batch_1_internal_link_cleanup_and_404_mapping
https://bitcoininfonews.com/small-altcoin-doubles-market-cap-binance-futures-hashkey/,1,Client Error,internal broken target with recorded inlinks,batch_1_internal_link_cleanup_and_404_mapping
https://bitcoininfonews.com/sol-ada-doge-pull-back-bitcoin-holds-above-74k/,1,Client Error,internal broken target with recorded inlinks,batch_1_internal_link_cleanup_and_404_mapping
https://bitcoininfonews.com/solana-crypto-faces-mixed-signals-near-key-levels-as-traders-stay-divided/,1,Client Error,internal broken target with recorded inlinks,batch_1_internal_link_cleanup_and_404_mapping
https://bitcoininfonews.com/solana-crypto-faces-mixed-signals-near-key-levels-traders-stay-divided/,1,Client Error,internal broken target with recorded inlinks,batch_1_internal_link_cleanup_and_404_mapping
https://bitcoininfonews.com/solana-price-nears-72-drop-from-ath-validator-count-shrinks/,1,Client Error,internal broken target with recorded inlinks,batch_1_internal_link_cleanup_and_404_mapping
https://bitcoininfonews.com/solana-stablecoin-supply-hits-all-time-high-macroeconomic-crisis-fears/,1,Client Error,internal broken target with recorded inlinks,batch_1_internal_link_cleanup_and_404_mapping
https://bitcoininfonews.com/sp-500-perpetual-contract-hyperliquid/,1,Client Error,internal broken target with recorded inlinks,batch_1_internal_link_cleanup_and_404_mapping
https://bitcoininfonews.com/sp500-perpetual-contract-launches-on-hyperliquid-in-first-official-license/,1,Client Error,internal broken target with recorded inlinks,batch_1_internal_link_cleanup_and_404_mapping
https://bitcoininfonews.com/spartans-com-august-1-global-launch-flutter-bet365/,1,Client Error,internal broken target with recorded inlinks,batch_1_internal_link_cleanup_and_404_mapping
https://bitcoininfonews.com/spartans-com-counts-down-to-august-1-global-launch-as-flutter-posts-a-310m-net-loss-bet365-sees-profit-fall-44/,1,Client Error,internal broken target with recorded inlinks,batch_1_internal_link_cleanup_and_404_mapping
https://bitcoininfonews.com/spartans-com-launches-worlds-first-7m-leaderboard-a-new-case-for-the-best-online-casino-title/,1,Client Error,internal broken target with recorded inlinks,batch_1_internal_link_cleanup_and_404_mapping
https://bitcoininfonews.com/strive-surpasses-cleanspark-bitcoin-treasury-rankings-adding-317-btc/,1,Client Error,internal broken target with recorded inlinks,batch_1_internal_link_cleanup_and_404_mapping
https://bitcoininfonews.com/strive-tuttle-leveraged-bitcoin-etf/,1,Client Error,internal broken target with recorded inlinks,batch_1_internal_link_cleanup_and_404_mapping
https://bitcoininfonews.com/thena-downtrend-exploit-denial-apr-boost/,1,Client Error,internal broken target with recorded inlinks,batch_1_internal_link_cleanup_and_404_mapping
https://bitcoininfonews.com/tokenized-stocks-driven-legacy-finance-not-crypto/,1,Client Error,internal broken target with recorded inlinks,batch_1_internal_link_cleanup_and_404_mapping
https://bitcoininfonews.com/tom-lee-predicted-crypto-winter-would-end-in-april-is-he-right/,1,Client Error,internal broken target with recorded inlinks,batch_1_internal_link_cleanup_and_404_mapping
https://bitcoininfonews.com/tom-lee-says-crypto-bottom-is-in-bullish-on-bitcoin-and-ethereum/,1,Client Error,internal broken target with recorded inlinks,batch_1_internal_link_cleanup_and_404_mapping
https://bitcoininfonews.com/toncoin-volume-low-bridge-shutdown/source,1,Client Error,internal broken target with recorded inlinks,batch_1_internal_link_cleanup_and_404_mapping
https://bitcoininfonews.com/top-crypto-fundraising-last-week-openfx-leads-with-94m/,1,Client Error,internal broken target with recorded inlinks,batch_1_internal_link_cleanup_and_404_mapping
https://bitcoininfonews.com/trader-280-btc-long-40x-leverage-partially-liquidated/,1,Client Error,internal broken target with recorded inlinks,batch_1_internal_link_cleanup_and_404_mapping
https://bitcoininfonews.com/traders-280-btc-long-40x-leverage-partially-liquidated/,1,Client Error,internal broken target with recorded inlinks,batch_1_internal_link_cleanup_and_404_mapping
https://bitcoininfonews.com/traders-now-see-better-than-50-chance-fed-rate-hike-2026/,1,Client Error,internal broken target with recorded inlinks,batch_1_internal_link_cleanup_and_404_mapping
https://bitcoininfonews.com/trump-exempts-jones-act-enforcement-curb-high-oil-prices/,1,Client Error,internal broken target with recorded inlinks,batch_1_internal_link_cleanup_and_404_mapping
https://bitcoininfonews.com/trump-exempts-jones-act-enforcement-oil-prices/,1,Client Error,internal broken target with recorded inlinks,batch_1_internal_link_cleanup_and_404_mapping
https://bitcoininfonews.com/trump-exempts-jones-act-oil-prices/,1,Client Error,internal broken target with recorded inlinks,batch_1_internal_link_cleanup_and_404_mapping
https://bitcoininfonews.com/trump-fed-pick-kevin-warsh-discloses-spacex-polymarket-solana-holdings/,1,Client Error,internal broken target with recorded inlinks,batch_1_internal_link_cleanup_and_404_mapping
https://bitcoininfonews.com/trump-white-house-stablecoin-yield-clarity-act-standoff/,1,Client Error,internal broken target with recorded inlinks,batch_1_internal_link_cleanup_and_404_mapping
https://bitcoininfonews.com/u-s-crypto-etfs-lose-219m-in-one-day-as-fidelity-leads-bitcoin-outflows/,1,Client Error,internal broken target with recorded inlinks,batch_1_internal_link_cleanup_and_404_mapping
https://bitcoininfonews.com/update-polymarket-acquires-brahma-to-boost-defi-infrastructure-and-trading-performance/,1,Client Error,internal broken target with recorded inlinks,batch_1_internal_link_cleanup_and_404_mapping
https://bitcoininfonews.com/us-attorney-recovers-600k-ledger-wallet-crypto-fraud-case/,1,Client Error,internal broken target with recorded inlinks,batch_1_internal_link_cleanup_and_404_mapping
https://bitcoininfonews.com/us-sol-spot-etf-records-2-82m-single-day-net-inflow/,1,Client Error,internal broken target with recorded inlinks,batch_1_internal_link_cleanup_and_404_mapping
https://bitcoininfonews.com/us-sol-spot-etf-records-4-64m-net-inflow-in-a-single-day/,1,Client Error,internal broken target with recorded inlinks,batch_1_internal_link_cleanup_and_404_mapping
https://bitcoininfonews.com/us-sol-spot-etf-records-4-64m-net-inflow/,1,Client Error,internal broken target with recorded inlinks,batch_1_internal_link_cleanup_and_404_mapping
https://bitcoininfonews.com/us-sol-spot-etf-single-day-net-inflow/,1,Client Error,internal broken target with recorded inlinks,batch_1_internal_link_cleanup_and_404_mapping
https://bitcoininfonews.com/us-spot-crypto-etfs-92m-net-outflows-march-20-blackrock-leads-selling/,1,Client Error,internal broken target with recorded inlinks,batch_1_internal_link_cleanup_and_404_mapping
https://bitcoininfonews.com/us-spot-crypto-etfs-post-92-1m-net-outflows-march-20-blackrock-leads-selling/,1,Client Error,internal broken target with recorded inlinks,batch_1_internal_link_cleanup_and_404_mapping
https://bitcoininfonews.com/usdt0-launches-tempo-payment-chain-live-23-networks/,1,Client Error,internal broken target with recorded inlinks,batch_1_internal_link_cleanup_and_404_mapping
https://bitcoininfonews.com/vaneck-bitcoin-long-term-holder-selling-slowdown-signals-constructive-trend/,1,Client Error,internal broken target with recorded inlinks,batch_1_internal_link_cleanup_and_404_mapping
https://bitcoininfonews.com/veteran-financier-recommends-20-crypto-allocation-as-bitcoin-holds-near-71k/,1,Client Error,internal broken target with recorded inlinks,batch_1_internal_link_cleanup_and_404_mapping
https://bitcoininfonews.com/veteran-financier-recommends-20-crypto-allocation-bitcoin-71k/,1,Client Error,internal broken target with recorded inlinks,batch_1_internal_link_cleanup_and_404_mapping
https://bitcoininfonews.com/veteran-financier-recommends-20-percent-crypto-allocation-bitcoin-71k/,1,Client Error,internal broken target with recorded inlinks,batch_1_internal_link_cleanup_and_404_mapping
https://bitcoininfonews.com/visa-crypto-head-us-banks-usdc-solana/,1,Client Error,internal broken target with recorded inlinks,batch_1_internal_link_cleanup_and_404_mapping
https://bitcoininfonews.com/walmart-onepay-expands-to-13-crypto-tokens-as-blackrock-hunts-350k-digital-assets-chief/,1,Client Error,internal broken target with recorded inlinks,batch_1_internal_link_cleanup_and_404_mapping
https://bitcoininfonews.com/walmart-owned-onepay-expands-crypto-service-with-10-new-tokens/,1,Client Error,internal broken target with recorded inlinks,batch_1_internal_link_cleanup_and_404_mapping
https://bitcoininfonews.com/war-talk-hits-conflict-era-low-bitcoin/,1,Client Error,internal broken target with recorded inlinks,batch_1_internal_link_cleanup_and_404_mapping
https://bitcoininfonews.com/warsh-crypto-holdings-revealed-in-fed-disclosure/,1,Client Error,internal broken target with recorded inlinks,batch_1_internal_link_cleanup_and_404_mapping
https://bitcoininfonews.com/why-bitcoin-outperforming-gold-pompliano/,1,Client Error,internal broken target with recorded inlinks,batch_1_internal_link_cleanup_and_404_mapping
https://bitcoininfonews.com/why-is-bitcoin-price-down-today-btc-tests-below-65000-liquidations-and-key-data/,1,Client Error,internal broken target with recorded inlinks,batch_1_internal_link_cleanup_and_404_mapping
https://bitcoininfonews.com/why-is-bitcoin-price-down-today-btc-tests-below-65000/,1,Client Error,internal broken target with recorded inlinks,batch_1_internal_link_cleanup_and_404_mapping
https://bitcoininfonews.com/willy-woo-ftx-liquidation-altcoins-underperformed-cycle/,1,Client Error,internal broken target with recorded inlinks,batch_1_internal_link_cleanup_and_404_mapping
https://bitcoininfonews.com/willy-woo-ftx-liquidation-is-why-altcoins-have-underperformed-this-cycle/,1,Client Error,internal broken target with recorded inlinks,batch_1_internal_link_cleanup_and_404_mapping
https://bitcoininfonews.com/x-crypto-launch-teaser-hints-at-x-money-rollout/,1,Client Error,internal broken target with recorded inlinks,batch_1_internal_link_cleanup_and_404_mapping
https://bitcoininfonews.com/x-crypto-launch-teaser-hints-x-money-rollout/,1,Client Error,internal broken target with recorded inlinks,batch_1_internal_link_cleanup_and_404_mapping
https://bitcoininfonews.com/xrp-all-time-high-3-technicals-align/,1,Client Error,internal broken target with recorded inlinks,batch_1_internal_link_cleanup_and_404_mapping
https://bitcoininfonews.com/xrp-beats-bitcoin-ethereum-south-korea-volume-spikes-115-percent/,1,Client Error,internal broken target with recorded inlinks,batch_1_internal_link_cleanup_and_404_mapping
https://bitcoininfonews.com/xrp-commodity-status-etf-momentum-5-5,1,Client Error,internal broken target with recorded inlinks,batch_1_internal_link_cleanup_and_404_mapping
https://bitcoininfonews.com/xrp-derivatives-market-shrinks-78-percent/,1,Client Error,internal broken target with recorded inlinks,batch_1_internal_link_cleanup_and_404_mapping
https://bitcoininfonews.com/xrp-etf-decision-nears-sec-review-could-unlock-8b-in-inflows/,1,Client Error,internal broken target with recorded inlinks,batch_1_internal_link_cleanup_and_404_mapping
https://bitcoininfonews.com/xrp-etf-sec-review-8-billion-inflows/,1,Client Error,internal broken target with recorded inlinks,batch_1_internal_link_cleanup_and_404_mapping
https://bitcoininfonews.com/xrp-gains-commodity-status-as-etf-momentum-points-to-5-5/,1,Client Error,internal broken target with recorded inlinks,batch_1_internal_link_cleanup_and_404_mapping
https://bitcoininfonews.com/xrp-gains-commodity-status-etf-momentum-points-5-5/,1,Client Error,internal broken target with recorded inlinks,batch_1_internal_link_cleanup_and_404_mapping
https://bitcoininfonews.com/xrp-ledger-active-addresses-drop-41-santiment/,1,Client Error,internal broken target with recorded inlinks,batch_1_internal_link_cleanup_and_404_mapping
https://bitcoininfonews.com/xrp-open-interest-traders-sec-etf/,1,Client Error,internal broken target with recorded inlinks,batch_1_internal_link_cleanup_and_404_mapping
https://bitcoininfonews.com/xrp-price-falls-after-ripple-and-sec-file-for-settlement-heres-why/,1,Client Error,internal broken target with recorded inlinks,batch_1_internal_link_cleanup_and_404_mapping
https://bitcoininfonews.com/xrp-price-falls-spot-etf-flows-turn-negative/,1,Client Error,internal broken target with recorded inlinks,batch_1_internal_link_cleanup_and_404_mapping
https://bitcoininfonews.com/xrp-price-prediction-whale-scoops-20m-coins-1-27-1-35-in-focus/,1,Client Error,internal broken target with recorded inlinks,batch_1_internal_link_cleanup_and_404_mapping
https://bitcoininfonews.com/xrp-spot-etf-data-released-1-billion-xrp-target/,1,Client Error,internal broken target with recorded inlinks,batch_1_internal_link_cleanup_and_404_mapping
https://bitcoininfonews.com/xrp-supply-on-binance-rises-as-price-falls-structure-points-to-new-lows/,1,Client Error,internal broken target with recorded inlinks,batch_1_internal_link_cleanup_and_404_mapping
https://bitcoininfonews.com/chainlinks-rise-storys-struggles-cold-wallets-6-4m-presale-at-0-00998-stands-out/IMAGE_URL,0,Client Error,internal broken target with recorded inlinks,batch_1_internal_link_cleanup_and_404_mapping
https://bitcoininfonews.com/coinbase-stablecoin-integration-2025/path/to/image.jpg,0,Client Error,internal broken target with recorded inlinks,batch_1_internal_link_cleanup_and_404_mapping
https://bitcoininfonews.com/t-rowe-price-updates-crypto-etf-as-tradfi-fomo-drives-inflow-surge/,0,Client Error,internal broken target with recorded inlinks,batch_1_internal_link_cleanup_and_404_mapping
https://bitcoininfonews.com/xrp-beats-bitcoin-and-ethereum-in-south-korea-as-volume-spikes-115/,0,Client Error,internal broken target with recorded inlinks,batch_1_internal_link_cleanup_and_404_mapping
