url,object_kind,object_id,touch_status,rankmath_status,verify_robots,verify_result,error
https://bitcoininfonews.com/analyst-confident-of-a-shib-surge-to-0-0002-as-dtx-is-set-to-give-the-meme-coin-a-run/,post,1606,200,200,"noindex, follow",ok,
https://bitcoininfonews.com/analyst-xrp-price-rise-prediction/,post,26482,200,200,"noindex, follow",ok,
https://bitcoininfonews.com/based-eggman-redefines-meme-coins/,post,26713,200,200,"noindex, follow",ok,
https://bitcoininfonews.com/best-meme-coins-for-exponential-returns-apc-banana-for-scale-doginme/,post,13769,200,200,"noindex, follow",ok,
https://bitcoininfonews.com/best-meme-coins-to-join-this-month-troller-cat-floki-and-why-take-center-stage/,post,11362,200,200,"noindex, follow",ok,
https://bitcoininfonews.com/binance-alpha-solana-meme-coins/,post,12903,200,200,"noindex, follow",ok,
https://bitcoininfonews.com/binance-co-ceo-hacked-wechat-meme-coin/,post,30942,200,200,"noindex, follow",ok,
https://bitcoininfonews.com/binance-cz-photo-policy-meme-coins/,post,23570,200,200,"noindex, follow",ok,
https://bitcoininfonews.com/bitcoin-bullish-outlook-october/,post,26837,200,200,"noindex, follow",ok,
https://bitcoininfonews.com/bitcoin-price-prediction-10-million/,post,32610,200,200,"noindex, follow",ok,
https://bitcoininfonews.com/cardano-ada-price-prediction/,post,13743,200,200,"noindex, follow",ok,
https://bitcoininfonews.com/coinbase-base-meme-coin-losses/,post,8395,200,200,"noindex, follow",ok,
https://bitcoininfonews.com/conor-mcgregor-launches-meme-coin/,post,7403,200,200,"noindex, follow",ok,
https://bitcoininfonews.com/coresky-secures-15m-meme-coin/,post,5880,200,200,"noindex, follow",ok,
https://bitcoininfonews.com/crypto-firms-bank-charters-meme-coins/,post,5003,200,200,"noindex, follow",ok,
https://bitcoininfonews.com/eric-trump-meme-coin-scam-exposed/,post,14109,200,200,"noindex, follow",ok,
https://bitcoininfonews.com/ethereum-2025-meme-coin-influx/,post,15979,200,200,"noindex, follow",ok,
https://bitcoininfonews.com/geefi-gee-surges-as-avalanche-avax-news-breaks-price-predictions-show-gee-might-outpace-major-tokens/,post,30990,200,200,"noindex, follow",ok,
https://bitcoininfonews.com/ghibli-meme-coins-chatgpt4o-trend/,post,6100,200,200,"noindex, follow",ok,
https://bitcoininfonews.com/la-culex-trump-and-bonk-buzz-as-best-meme-coins-to-buy/,post,29380,200,200,"noindex, follow",ok,
https://bitcoininfonews.com/may-2025-altcoin-outlook/,post,11378,200,200,"noindex, follow",ok,
https://bitcoininfonews.com/meet-the-top-5-cat-meme-coins-redefining-the-market/,post,1826,200,200,"noindex, follow",ok,
https://bitcoininfonews.com/melania-meme-coin-gamble-raises-questions/,post,2921,200,200,"noindex, follow",ok,
https://bitcoininfonews.com/melania-meme-sparks-crypto-frenzy/,post,2396,200,200,"noindex, follow",ok,
https://bitcoininfonews.com/meme-coin-whales-on-the-move-stacking-up-on-pepe-dumping-wif/,post,1720,200,200,"noindex, follow",ok,
https://bitcoininfonews.com/meme-coins-2025-market-highlights/,post,12941,200,200,"noindex, follow",ok,
https://bitcoininfonews.com/meme-coins-penguins-useless-gains/,post,18603,200,200,"noindex, follow",ok,
https://bitcoininfonews.com/missed-gigachad-this-cats-already-in-third-stage-and-gunning-for-meme-coin-supremacy/,post,11760,200,200,"noindex, follow",ok,
https://bitcoininfonews.com/pepe-eyes-0-000014-mobu-leads-meme-coins-that-will-explode/,post,29309,200,200,"noindex, follow",ok,
https://bitcoininfonews.com/pi-network-2030-price-prediction/,post,23372,200,200,"noindex, follow",ok,
https://bitcoininfonews.com/pi-network-development-price-speculation/,post,13033,200,200,"noindex, follow",ok,
https://bitcoininfonews.com/pudgy-penguins-price-prediction-pengu-recovers-to-0-01354-but-troller-cat-at-0-00001166-offers-4453-return/,post,13597,200,200,"noindex, follow",ok,
https://bitcoininfonews.com/pump-ico-solana-impact-altcoins/,post,19199,200,200,"noindex, follow",ok,
https://bitcoininfonews.com/rogoff-bitcoin-prediction-error/,post,23023,200,200,"noindex, follow",ok,
https://bitcoininfonews.com/this-meme-coin-jumps-by-50-following-further-support-from-binance/,post,1862,200,200,"noindex, follow",ok,
https://bitcoininfonews.com/tron-price-2026-prediction-rise-bullish/,post,14553,200,200,"noindex, follow",ok,
https://bitcoininfonews.com/trump-crypto-meme-coin-surge/,post,30447,200,200,"noindex, follow",ok,
https://bitcoininfonews.com/trump-crypto-whales-dinner-event/,post,14662,200,200,"noindex, follow",ok,
https://bitcoininfonews.com/trump-meme-coin-gala-investors/,post,14802,200,200,"noindex, follow",ok,
https://bitcoininfonews.com/trump-sons-cease-desist-meme-coin/,post,16841,200,200,"noindex, follow",ok,
https://bitcoininfonews.com/xrp-2026-price-predictions-lacking-endorsement/,post,21350,200,200,"noindex, follow",ok,
https://bitcoininfonews.com/xrp-dogecoin-pi-coin-price-predictions-sep-2025/,post,24984,200,200,"noindex, follow",ok,
https://bitcoininfonews.com/crypto-exchange-fees-calculator/,page,1403,200,200,"noindex, follow",ok,
https://bitcoininfonews.com/bitcoin-mining-calculator/,page,1389,200,200,"noindex, follow",ok,
https://bitcoininfonews.com/profit-calculator/,page,1398,200,200,"noindex, follow",ok,
https://bitcoininfonews.com/tax-calculator/,page,38,200,200,"noindex, follow",ok,
https://bitcoininfonews.com/live-crypto-price/,page,14,200,200,"noindex, follow",ok,
https://bitcoininfonews.com/crypto-history-calculator/,page,1380,200,200,"noindex, follow",ok,
