source URL,target URL
/ant-group-circle-usdc-integration-2/,/ant-group-circle-usdc-integration/
/argentina-leads-latin-america-crypto/,/argentina-crypto-adoption-leader/
/arizona-governor-bitcoin-reserve-veto/,/arizona-bitcoin-reserve-bill-veto/
/arizona-governor-vetoes-bitcoin-bill-2/,/arizona-bitcoin-reserve-bill-veto/
/arizona-governor-vetoes-bitcoin-bill-3/,/arizona-bitcoin-reserve-bill-veto/
/arizona-governor-vetoes-bitcoin-bill/,/arizona-bitcoin-reserve-bill-veto/
/arizona-governor-vetoes-bitcoin-reserve-bill-2/,/arizona-bitcoin-reserve-bill-veto/
/avalanche-defi-tvl-surpasses-two-billion/,/avalanche-defi-tvl-surpasses-2billion/
/binance-kyc-reverification-india-users/,/binance-kyc-re-verification-india/
/bitcoin-record-high-argentina-inflation/,/bitcoin-all-time-high-argentina/
/bitcoin-surpasses-amazon-market-cap-3/,/bitcoin-surpasses-amazon-market-cap-4/
/bitwise-ceo-wall-street-crypto-adoption-2/,/bitwise-ceo-wall-street-crypto-adoption/
/blackrock-bitcoin-etf-430-million-outflow/,/blackrock-bitcoin-etf-massive-outflow/
/blockdag-joins-global-exchanges-secure-95x-roi-at-just-0-0000061-more-on-ethereum-prediction-and-bnb-coin-trends-2/,/blockdag-joins-global-exchanges-secure-95x-roi-at-just-0-0000061-more-on-ethereum-prediction-and-bnb-coin-trends/
/brown-university-invests-bitcoin-blackrock-etf/,/brown-university-invests-5m-bitcoin-etf/
/charles-hoskinson-ethereum-decline-prediction/,/charles-hoskinson-predicts-ethereum-decline/
/circle-denies-us-federal-bank-charter-plans/,/circle-denies-us-bank-charter-plans/
/cme-group-solana-xrp-futures-launch-2/,/cme-group-solana-xrp-futures-launch/
/coinfund-president-criticizes-bis-defi-report/,/coinfund-president-criticizes-bis-report/
/cronos-etp-gains-investor-interest-ethereum-targets-2500-but-unstaked-offers-smart-entry-at-0-007535-2/,/cronos-etp-gains-investor-interest-ethereum-targets-2500-but-unstaked-offers-smart-entry-at-0-007535/
/crosscurve-bridge-exploited-millions-impacts/,/crosscurve-bridge-exploit-three-million/
/crypto-liquidations-712-million-day-analysis/,/crypto-liquidations-712-million-impact/
/defi-development-corp-sec-registration/,/defi-development-corp-sec-filing/
/el-salvador-increases-bitcoin-holdings/,/el-salvador-bitcoin-holdings-increase/
/ethereum-solana-staking-etf-filing/,/rex-shares-ethereum-solana-etfs/
/freight-technologies-invests-trump-tokens-2/,/freight-technologies-trump-tokens-investment/
/galaxy-digital-sells-ethereum-for-solana/,/ethereum-sale-galaxy-digital-solana/
/irs-leadership-change-digital-assets-unit/,/irs-trish-turner-digital-assets-leader/
/james-wynn-1-2b-bitcoin-position-closed-hyperliquid/,/james-wynn-bitcoin-position-closure/
/mbs-global-maldives-blockchain-investment/,/maldives-blockchain-hub-mbs-investment/
/meta-shareholders-reject-bitcoin-treasury-proposal/,/meta-shareholders-reject-bitcoin-proposal/
/mexico-lawsuit-google-gulf-name-dispute/,/mexico-sues-google-gulf-of-america/
/mexico-sues-google-gulf-america-naming/,/mexico-sues-google-gulf-naming/
/nike-lawsuit-rtfkt-nft-shutdown/,/nike-sued-rtfkt-nft-shutdown/
/rex-ethereum-solana-staking-etfs-announcement/,/rex-ethereum-solana-staking-etfs/
/rex-shares-ethereum-solana-staking-etfs-2/,/rex-shares-ethereum-solana-etfs/
/rex-shares-ethereum-solana-staking-etfs/,/rex-ethereum-solana-staking-etfs/
/robert-kiyosaki-bitcoin-network-investment/,/robert-kiyosaki-bitcoin-network-benefits/
/rumble-launch-bitcoin-stablecoin-wallet-2025/,/rumble-bitcoin-stablecoin-wallet-2025/
/sec-approves-bitcoin-ethereum-etf-redemptions/,/sec-approves-in-kind-redemptions-etfs/
/sec-approves-in-kind-redemptions-bitcoin-ethereum-etfs/,/sec-approves-in-kind-redemptions-etfs/
/sec-delays-truth-social-bitcoin-etf-2/,/sec-delays-truth-social-bitcoin-etf-3/
/shib-surges-as-experts-spot-best-crypto-presales-to-buy-now-2/,/shib-surges-as-experts-spot-best-crypto-presales-to-buy-now/
/tim-draper-bitcoin-250k-prediction-2025-2/,/tim-draper-bitcoin-250k-forecast-2025/
/ton-foundation-appoints-maximilian-crown-ceo/,/ton-foundation-appoints-new-ceo/
/us-revenge-tax-capital-war/,/deutsche-bank-us-capital-war-warning/
/vaneck-lido-staked-ethereum-trust-registration/,/vaneck-lido-staked-ethereum-trust-delaware/
/vietnam-bybit-crypto-trading-pilot-2/,/vietnam-bybit-crypto-trading-pilot/
/whale-transfers-29-million-xrp-coinbase-2/,/whale-transfers-29-million-xrp-coinbase/
